DESPESA_ID,INFORMACAO_EXTRA_ID
2045,24
2045,25
2046,26
2046,27
2046,28
2047,29
2047,30
2047,31
2048,32
2049,52
2049,53
2050,35
2050,36
2051,37
2051,38
2051,39
2052,40
2053,43
2053,44
2054,45
2054,46
2055,47
2056,48
2057,49
2058,54
2059,55
2059,56
2060,57
2061,58
2061,59
2062,60
2063,61
2063,62
2064,63
2065,64
2065,65
2066,66
2067,67
2068,68
2069,69
2069,70
2070,79
2070,80
2070,81
2070,82
2071,83
2071,84
2072,85
2072,86
2073,87
2073,88
2074,89
2074,90
2075,91
2075,92
2076,93
2076,94
2077,95
2077,96
2078,97
2078,98
2082,99
2082,100
2082,101
2082,102
2085,103
2086,104
2086,105
2088,106
2088,107
2089,108
2089,109
2090,110
2091,111
2091,112
2091,113
2092,114
2093,115
2094,116
2094,117
2095,118
2095,119
2095,120
2096,121
2097,122
2097,123
2098,124
2098,125
2099,126
2100,127
2100,128
2100,129
2101,130
2102,131
2102,132
2102,133
2103,134
2103,135
2103,136
2103,137
2104,138
2105,139
2105,140
2106,141
2106,142
2107,143
2107,144
2109,145
2110,146
2111,158
2111,159
2112,154
2112,155
2112,156
2112,157
2113,152
2113,153
2114,160
2115,161
2115,162
2116,163
2116,164
2116,165
2119,166
2119,167
2119,168
2120,169
2120,170
2120,171
2121,172
2123,173
2124,174
2125,175
2126,176
2126,177
2126,178
2127,179
2128,180
2129,181
2129,182
2130,183
2131,184
2132,185
2133,186
2133,187
2134,188
2134,189
2135,190
2136,191
2136,192
2137,193
2137,194
2138,195
2138,196
2139,197
2139,198
2139,199
2140,200
2141,201
2142,202
2143,203
2143,204
2143,205
2144,206
2145,207
2145,208
2146,209
2147,210
2147,211
2148,212
2149,213
2150,214
2151,215
2152,216
2153,217
2153,218
2154,219
2154,220
2155,221
2155,222
2156,223
2156,224
2157,225
2158,226
2160,227
2160,228
2160,229
2161,230
2162,231
2163,232
2164,233
2164,234
2165,235
2165,236
2166,237
2166,238
2167,239
2167,240
2168,241
2168,242
2169,243
2171,244
2171,245
2173,246
2173,247
2173,248
2174,249
2174,250
2175,251
2175,252
2176,253
2176,254
2177,255
2177,256
2178,257
2178,258
2179,259
2179,260
2180,261
2180,262
2181,263
2181,264
2183,265
2184,266
2184,267
2184,268
2185,269
2186,270
2186,271
2187,272
2188,273
2189,274
2189,275
2190,276
2191,277
2192,278
2193,279
2193,280
2193,281
2193,282
2193,283
2193,284
2194,285
2195,286
2196,287
2196,288
2196,289
2197,290
2198,291
2198,292
2199,293
2199,294
2199,295
2200,296
2200,297
2201,316
2202,299
2204,302
2205,313
2205,314
2205,315
2206,317
2206,318
2206,319
2206,320
2206,321
2207,322
2207,323
2208,324
2208,325
2208,326
2209,332
2209,333
2210,328
2210,329
2211,330
2211,331
2212,334
2212,335
2212,336
2212,337
2213,338
2213,339
2213,340
2214,341
2214,342
2214,343
2215,344
2215,345
2216,346
2218,347
2219,348
2219,349
2220,350
2221,353
2221,354
2221,355
2222,356
2222,357
2223,358
2224,359
2224,360
2225,361
2225,362
2226,363
2226,364
2227,365
2227,366
2228,367
2228,368
2228,369
2229,370
2229,371
2229,372
2230,373
2230,374
2230,375
2231,376
2231,377
2232,378
2233,379
2234,380
2235,381
2235,382
2236,383
2236,384
2237,385
2237,386
2238,387
2238,388
2239,389
2239,390
2240,391
2240,392
2241,393
2241,394
2241,395
2242,396
2242,397
2242,398
2243,399
2243,400
2243,401
2244,592
2244,593
2244,594
2245,409
2245,410
2246,407
2246,408
2247,411
2247,412
2247,413
2249,416
2250,417
2250,418
2250,419
2251,420
2251,421
2251,422
2251,423
2251,424
2251,425
2252,440
2252,441
2252,442
2253,429
2253,430
2253,431
2254,432
2254,433
2255,434
2256,435
2256,436
2257,443
2258,444
2258,445
2258,446
2259,447
2259,448
2259,449
2260,450
2260,451
2260,452
2261,453
2261,454
2262,455
2262,456
2262,457
2262,458
2262,459
2263,460
2263,461
2263,462
2264,463
2264,464
2264,465
2265,466
2265,467
2266,468
2267,469
2267,470
2267,471
2268,472
2269,473
2269,474
2269,475
2270,476
2270,477
2270,478
2271,479
2271,480
2272,481
2272,482
2272,483
2273,484
2273,485
2274,486
2275,487
2276,488
2276,489
2277,490
2278,491
2278,492
2278,493
2279,494
2279,495
2279,496
2281,500
2281,501
2281,502
2282,503
2282,504
2282,505
2283,506
2284,507
2284,508
2284,509
2285,510
2285,511
2286,512
2287,513
2287,514
2288,515
2288,516
2288,517
2289,518
2290,519
2290,520
2290,521
2291,587
2292,523
2292,524
2292,525
2292,526
2293,527
2294,528
2294,529
2294,530
2295,531
2295,532
2295,533
2295,534
2296,535
2296,536
2296,537
2297,539
2297,540
2298,541
2298,542
2299,543
2299,544
2299,545
2300,546
2300,547
2301,548
2301,549
2302,550
2302,551
2303,552
2303,553
2304,554
2305,555
2305,556
2306,557
2306,558
2306,559
2307,560
2307,561
2307,562
2308,563
2308,564
2308,565
2309,566
2309,567
2309,568
2310,569
2310,570
2311,571
2311,572
2312,573
2312,574
2313,575
2313,576
2314,577
2314,578
2314,579
2315,580
2315,581
2315,582
2316,583
2316,584
2316,585
2317,586
2318,588
2318,589
2319,590
2320,591
2321,595
2322,596
2322,597
2322,598
2323,599
2323,600
2323,601
2324,602
2324,603
2324,604
2325,605
2325,606
2325,607
2326,608
2326,609
2326,610
2327,611
2327,612
2328,613
2328,614
2328,615
2329,616
2330,617
2331,618
2331,619
2331,620
2332,621
2333,622
2333,623
2333,624
2334,625
2334,626
2334,627
2335,628
2336,629
2336,630
2337,631
2337,632
2338,633
2338,634
2338,635
2339,636
2339,637
2340,638
2340,639
2341,640
2341,641
2342,642
2342,643
2343,644
2343,645
2343,646
2344,647
2344,648
2344,649
2345,650
2345,651
2346,652
2346,653
2346,654
2347,655
2347,656
2348,657
2349,658
2349,659
2350,660
2350,661
2351,662
2351,663
2352,664
2352,665
2353,666
2353,667
2353,668
2354,669
2354,670
2355,758
2355,759
2356,756
2356,757
2358,675
2358,676
2359,677
2359,678
2360,679
2360,680
2361,681
2361,682
2362,683
2363,684
2364,685
2365,688
2365,689
2366,690
2367,691
2367,692
2368,693
2368,694
2369,695
2369,696
2370,697
2370,698
2371,699
2371,700
2372,701
2373,702
2374,703
2374,704
2375,705
2375,706
2376,707
2377,708
2378,709
2378,710
2379,711
2379,712
2380,713
2380,714
2381,716
2381,717
2382,715
2383,718
2384,719
2384,720
2385,721
2386,722
2386,723
2388,724
2390,727
2390,728
2391,729
2391,730
2391,731
2391,732
2392,733
2392,734
2393,735
2393,736
2394,737
2394,738
2395,739
2396,740
2397,741
2397,742
2398,743
2398,744
2399,745
2399,746
2400,747
2400,748
2401,749
2401,750
2402,751
2402,752
2403,753
2403,754
2404,755
2405,760
2405,761
2406,762
2407,763
2407,764
2408,765
2408,766
2409,767
2409,768
2410,769
2410,770
2411,771
2411,772
2413,775
2413,776
2414,777
2415,778
2415,779
2416,780
2416,781
2416,782
2417,783
2417,784
2418,785
2418,786
2419,787
2419,788
2420,789
2420,790
2422,791
2422,792
2423,793
2423,794
2424,795
2425,796
2426,797
2427,798
2427,799
2428,800
2428,801
2429,802
2429,803
2429,804
2430,805
2430,806
2430,807
2431,808
2431,809
2431,810
2432,811
2432,812
2432,813
2433,814
2435,815
2436,816
2436,817
2437,818
2437,819
2438,820
2438,821
2439,822
2439,823
2440,824
2441,825
2441,826
2442,827
2442,828
2442,829
2443,830
2444,831
2444,832
2445,833
2445,834
2446,835
2446,836
2447,837
2447,838
2447,839
2447,840
2448,841
2448,842
2449,843
2449,844
2450,845
2450,846
2455,849
2456,850
2456,851
2457,852
2457,853
2458,854
2458,855
2458,856
2460,857
2460,858
2460,859
2461,860
2461,861
2461,862
2462,863
2462,864
2462,865
2463,866
2463,867
2463,868
2464,869
2464,870
2464,871
2465,872
2465,873
2467,878
2467,879
2467,880
2468,881
2468,882
2468,883
2469,884
2469,885
2470,886
2470,887
2471,888
2471,889
2472,890
2472,891
2473,892
2473,893
2473,894
2474,895
2475,896
2475,897
2475,898
2475,899
2475,900
2476,901
2476,902
2477,903
2477,904
2478,905
2479,906
2479,907
2479,908
2480,909
2480,910
2481,911
2482,912
2483,913
2483,914
2484,915
2485,916
2486,917
2487,918
2488,919
2489,920
2490,921
2490,922
2491,923
2491,924
2492,925
2493,926
2493,927
2493,928
2493,929
2493,930
2494,931
2494,932
2495,933
2495,934
2496,935
2497,936
2497,937
2497,938
2497,939
2498,940
2499,941
2500,942
2501,943
2501,944
2502,945
2502,946
2502,947
2503,948
2503,949
2504,950
2504,951
2505,952
2505,953
2506,954
2507,955
2508,956
2509,957
2510,958
2511,959
2512,960
2512,961
2513,962
2515,963
2515,964
2516,965
2517,966
2519,967
2519,968
2520,969
2520,970
2521,971
2522,972
2522,973
2523,974
2523,975
2525,976
2525,977
2526,978
2526,979
2527,980
2528,981
2529,982
2529,983
2530,984
2530,985
2531,986
2531,987
2532,988
2533,989
2533,990
2534,991
2535,992
2536,993
2536,994
2537,995
2538,996
2538,997
2539,998
2539,999
2540,1000
2540,1001
2541,1002
2541,1003
2542,1004
2542,1005
2543,1006
2543,1007
2544,1008
2544,1009
2545,1010
2545,1011
2546,1012
2546,1013
2547,1014
2547,1015
2548,1016
2548,1017
2549,1018
2549,1019
2550,1020
2550,1021
2551,1022
2551,1023
2552,1024
2552,1025
2553,1026
2553,1027
2554,1028
2554,1029
2556,1033
2558,1036
2558,1037
2558,1038
2559,1039
2559,1040
2560,1041
2561,1042
2562,1043
2563,1044
2564,1045
2564,1046
2565,1047
2566,1048
2567,1049
2568,1050
2568,1051
2568,1052
2569,1053
2570,1054
2571,1055
2572,1056
2572,1057
2573,1058
2574,1059
2574,1060
2574,1061
2575,1062
2576,1063
2577,1064
2578,1065
2578,1066
2579,1067
2581,1069
2582,1070
2582,1071
2583,1072
2584,1073
2585,1074
2586,1075
2586,1076
2587,1077
2588,1078
2588,1079
2589,1080
2589,1082
2590,1081
2591,1083
2592,1084
2592,1085
2593,1086
2595,1087
2596,1088
2597,1089
2598,1090
2599,1091
2600,1092
2601,1093
2601,1094
2602,1095
2603,1096
2603,1107
2604,1097
2604,1098
2604,1099
2605,1100
2605,1101
2605,1102
2606,1103
2607,1104
2608,1105
2608,1106
2631,1109
2632,1110
2632,1111
2633,1112
2633,1113
2633,1114
2633,1115
2633,1116
2633,1117
2634,1118
2634,1119
2634,1120
2635,1121
2635,1122
2637,1125
2637,1126
2638,1127
2638,1128
2638,1129
2638,1130
2639,1131
2640,1132
2640,1133
2640,1134
2641,1135
2641,1136
2641,1137
2642,1138
2643,1139
2643,1140
2643,1141
2644,1142
2645,1143
2645,1144
2646,1145
2646,1146
2647,1147
2647,1148
2647,1149
2647,1150
2647,1151
2648,1152
2649,1153
2649,1154
2650,1155
2650,1156
2651,1157
2651,1158
2652,1159
2652,1160
2652,1161
2653,1162
2653,1163
2653,1164
2654,1165
2656,1167
2656,1168
2657,1169
2657,1170
2658,1171
2658,1172
2659,1173
2659,1174
2659,1175
2660,1176
2660,1177
2661,1178
2662,1179
2663,1180
2663,1181
2664,1182
2664,1183
2665,1184
2665,1185
2665,1186
2665,1187
2666,1188
2666,1189
2667,1190
2667,1191
2668,1192
2668,1193
2669,1194
2669,1195
2670,1196
2672,1198
2672,1199
2672,1200
2673,1201
2673,1202
2674,1203
2674,1204
2675,1205
2675,1206
2676,1207
2676,1208
2677,1209
2677,1210
2678,1211
2678,1212
2679,1213
2679,1214
2679,1215
2680,1216
2680,1217
2681,1218
2681,1219
2682,1220
2682,1221
2684,1226
2684,1227
2684,1228
2685,1229
2685,1230
2686,1231
2686,1232
2687,1233
2687,1234
2688,1235
2688,1236
2688,1237
2689,1238
2689,1239
2689,1240
2690,1241
2691,1242
2692,1243
2693,1244
2693,1245
2694,1246
2694,1247
2695,1248
2695,1249
2696,1250
2696,1251
2696,1252
2697,1253
2697,1254
2697,1255
2698,1256
2699,1257
2699,1258
2699,1259
2699,1260
2700,1261
2700,1262
2701,1263
2701,1264
2702,1265
2702,1266
2705,1273
2706,1274
2707,1275
2707,1276
2707,1277
2707,1278
2707,1279
2708,1280
2708,1281
2709,1282
2709,1283
2710,1284
2710,1285
2711,1286
2711,1287
2711,1288
2711,1289
2711,1290
2711,1291
2712,1292
2712,1293
2712,1294
2713,1295
2714,1296
2715,1297
2716,1298
2717,1299
2718,1300
2719,1301
2719,1302
2719,1303
2720,1304
2720,1305
2720,1306
2721,1307
2721,1308
2721,1309
2722,1310
2723,1311
2723,1312
2724,1313
2724,1314
2724,1315
2725,1316
2725,1317
2725,1318
2725,1319
2726,1320
2726,1321
2726,1322
2726,1323
2727,1324
2727,1325
2727,1326
2728,1327
2728,1328
2728,1329
2731,1332
2731,1333
2731,1334
2732,1335
2733,1336
2733,1337
2734,1338
2734,1339
2735,1340
2735,1341
2736,1342
2736,1343
2737,1344
2737,1345
2737,1346
2738,1347
2739,1348
2739,1349
2739,1350
2739,1351
2740,1352
2740,1353
2740,1354
2740,1355
2741,1356
2741,1357
2741,1358
2742,1359
2742,1360
2742,1370
2743,1361
2744,1362
2745,1363
2746,1364
2746,1365
2747,1366
2747,1367
2748,1368
2748,1369
2749,1371
2749,1372
2749,1373
2750,1374
2750,1375
2750,1376
2751,1377
2752,1378
2753,1379
2753,1380
2753,1381
2754,1382
2754,1383
2754,1384
2754,1385
2755,1386
2755,1387
2755,1388
2756,1389
2756,1390
2756,1391
2757,1392
2757,1393
2757,1394
2759,1395
2760,1396
2760,1397
2760,1398
2760,1399
2761,1400
2761,1401
2762,1402
2763,1403
2763,1404
2763,1405
2764,1406
2765,1407
2765,1408
2765,1409
2766,1410
2766,1431
2766,1432
2766,1433
2767,1411
2767,1412
2767,1413
2767,1414
2768,1415
2768,1416
2768,1417
2769,1418
2769,1419
2769,1420
2770,1421
2771,1422
2772,1423
2772,1424
2772,1425
2773,1426
2774,1427
2774,1428
2774,1429
2775,1430
2776,1434
2776,1437
2777,1435
2777,1436
2778,1438
2778,1439
2779,1440
2779,1441
2780,1442
2780,1443
2781,1444
2782,1445
2783,1446
2783,1447
2783,1448
2784,1449
2785,1450
2786,1451
2787,1452
2787,1453
2787,1454
2788,1455
2789,1456
2789,1457
2790,1458
2790,1459
2790,1460
2791,1461
2792,1462
2792,1463
2793,1464
2793,1465
2794,1466
2794,1467
2795,1468
2795,1469
2796,1470
2796,1471
2797,1472
2797,1473
2798,1474
2798,1475
2799,1476
2799,1477
2799,1478
2800,1479
2801,1480
2801,1481
2801,1482
2802,1483
2802,1484
2802,1485
2803,1486
2803,1487
2803,1488
2804,1489
2804,1490
2804,1491
2805,1492
2805,1493
2805,1494
2805,1495
2806,1496
2807,1497
2808,1498
2808,1499
2808,1500
2809,1501
2810,1502
2811,1503
2812,1504
2812,1505
2813,1506
2813,1507
2814,1508
2814,1509
2815,1510
2815,1511
2816,1512
2816,1513
2816,1514
2817,1515
2817,1516
2817,1517
2818,1518
2818,1519
2818,1520
2818,1521
2819,1522
2819,1523
2819,1524
2819,1525
2820,1526
2821,1527
2822,1528
2823,1529
2823,1530
2823,1531
2823,1532
2824,1533
2824,1534
2824,1535
2824,1536
2825,1537
2825,1538
2825,1539
2826,1540
2826,1541
2826,1542
2827,1543
2827,1544
2827,1545
2827,1546
2828,1547
2829,1548
2829,1549
2829,1550
2830,1551
2830,1552
2831,1553
2832,1554
2832,1555
2832,1556
2833,1557
2834,1558
2835,1559
2835,1560
2835,1561
2836,1562
2836,1563
2836,1564
2837,1565
2837,1566
2838,1567
2838,1568
2838,1569
2839,1570
2839,1571
2839,1572
2840,1573
2840,1574
2840,1575
2841,1576
2841,1577
2841,1578
2842,1579
2843,1580
2844,1581
2844,1582
2844,1583
2845,1584
2845,1585
2845,1586
2845,1587
2846,1588
2847,1589
2847,1590
2848,1591
2848,1592
2848,1593
2849,1594
2849,1595
2849,1596
2850,1597
2850,1598
2850,1599
2850,1600
2850,1601
2851,1602
2851,1603
2852,1604
2852,1605
2852,1606
2853,1607
2853,1608
2853,1609
2853,1610
2856,1613
2856,1614
2857,1615
2857,1616
2858,1617
2859,1618
2860,1619
2860,1620
2860,1621
2861,1622
2861,1623
2861,1624
2862,1625
2862,1626
2862,1627
2863,1628
2863,1629
2863,1630
2864,1631
2864,1632
2865,1633
2865,1634
2866,1635
2866,1636
2867,1637
2867,1638
2868,1639
2869,1640
2869,1641
2869,1642
2870,1643
2870,1644
2871,1645
2871,1646
2871,1647
2872,1648
2872,1649
2872,1650
2873,1651
2873,1652
2873,1653
2874,1654
2874,1655
2874,1656
2875,1657
2875,1658
2875,1659
2875,1660
2875,1661
2876,1662
2876,1663
2876,1664
2877,1665
2877,1666
2878,1667
2878,1668
2879,1669
2879,1670
2880,1671
2880,1672
2880,1673
2880,1674
2880,1675
2881,1676
2881,1677
2882,1678
2882,1679
2883,1680
2884,1681
2884,1682
2885,1683
2885,1684
2885,1685
2886,1686
2886,1687
2887,1688
2887,1689
2888,1690
2888,1691
2889,1692
2890,1693
2891,1694
2891,1695
2892,1696
2892,1697
2893,1698
2893,1699
2894,1700
2895,1701
2896,1702
2896,1703
2897,1704
2897,1705
2898,1706
2898,1707
2898,1708
2898,1709
2899,1710
2899,1711
2899,1712
2899,1713
2900,1714
2901,1715
2902,1716
2903,1717
2904,1718
2905,1719
2906,1720
2906,1721
2906,1722
2907,1723
2907,1724
2907,1725
2908,1726
2908,1727
2909,1728
2910,1729
2911,1730
2911,1731
2912,1732
2913,1733
2914,1734
2915,1735
2916,1736
2917,1737
2917,1738
2918,1739
2918,1740
2919,1741
2919,1742
2920,1743
2920,1744
2921,1745
2921,1746
2922,1747
2923,1748
2924,1749
2925,1750
2925,1751
2925,1752
2926,1753
2927,1754
2927,1755
2927,1756
2928,1757
2929,1758
2929,1759
2929,1760
2930,1761
2930,1762
2930,1763
2931,1764
2931,1765
2931,1766
2932,1767
2932,1768
2932,1769
2933,1770
2933,1771
2933,1772
2933,1773
2935,1776
2935,1777
2935,1778
2936,1779
2937,1780
2938,1781
2939,1782
2940,1783
2941,1784
2942,1785
2942,1786
2942,1787
2943,1788
2943,1789
2943,1790
2944,1791
2945,1792
2945,1793
2945,1794
2945,1795
2946,1796
2947,1797
2948,1798
2948,1799
2948,1800
2949,1801
2951,1802
2952,1803
2953,1804
2954,1805
2955,1806
2956,1807
2957,1808
2958,1809
2959,1810
2960,1811
2961,1812
2962,1813
2963,1814
2964,1815
2964,1816
2965,1817
2965,1818
2966,1819
2966,1820
2967,1821
2967,1822
2968,1823
2968,1824
2969,1825
2969,1826
2970,1827
2970,1828
2971,1829
2971,1830
2972,1831
2973,1832
2973,1833
2973,1834
2974,1835
2975,1836
2976,1837
2977,1838
2978,1839
2979,1840
2979,1841
2979,1842
2980,1843
2980,1844
2980,1845
2981,1846
2982,1847
2983,1848
2986,1850
2987,1851
2988,1852
2988,1853
2989,1854
2989,1855
2990,1856
2990,1857
2991,1858
2992,1859
2993,1860
2994,1861
2995,1862
2996,1863
2997,1864
2998,1865
2999,1866
3000,1867
3000,1868
3000,1869
3000,1870
3001,1871
3002,1872
3003,1873
3004,1874
3005,1875
3006,1876
3007,1877
3008,1878
3009,1879
3009,1880
3009,1881
3010,1882
3010,1883
3010,1884
3011,1885
3011,1886
3011,1887
3012,1888
3012,1889
3012,1890
3013,1891
3013,1892
3013,1893
3014,1894
3014,1895
3014,1896
3015,1897
3015,1898
3015,1899
3016,1900
3016,1901
3016,1902
3017,1903
3017,1904
3017,1905
3018,1906
3018,1907
3018,1908
3019,1909
3019,1910
3019,1911
3020,1912
3020,1913
3020,1914
3021,1915
3021,1916
3021,1917
3022,1918
3022,1919
3023,1920
3023,1921
3024,1922
3024,1923
3025,1924
3025,1925
3025,1926
3025,1927
3026,1928
3026,1929
3026,1930
3027,1931
3028,1932
3028,1933
3028,1934
3029,1935
3029,1936
3029,1937
3030,1938
3031,1939
3032,1940
3033,1941
3034,1942
3035,1943
3036,1944
3037,1945
3038,1946
3039,1947
3040,1948
3041,1949
3042,1950
3043,1951
3044,1952
3045,1953
3046,1954
3047,1955
3048,1956
3049,1957
3050,1958
3052,1961
3052,1962
3053,1963
3054,1964
3055,1965
3055,1966
3055,1967
3055,1968
3055,1969
3056,1970
3056,1971
3056,1972
3056,1973
3057,1974
3057,1975
3058,1976
3058,1977
3058,1978
3058,1979
3059,1980
3059,1981
3060,1982
3060,1983
3060,1984
3061,1985
3061,1986
3061,1987
3062,1988
3062,1989
3062,1990
3063,1991
3064,1992
3064,1993
3064,1994
3065,1995
3066,1996
3067,1997
3069,1999
3070,2000
3070,2001
3070,2002
3071,2003
3072,2004
3073,2005
3074,2006
3075,2007
3076,2008
3077,2009
3078,2010
3079,2011
3079,2012
3079,2013
3080,2014
3081,2015
3082,2016
3082,2017
3083,2018
3083,2019
3083,2020
3084,2021
3084,2022
3084,2023
3085,2024
3086,2025
3087,2026
3088,2027
3089,2028
3090,2029
3091,2030
3091,2031
3092,2032
3093,2033
3094,2034
3095,2035
3096,2036
3097,2037
3098,2038
3099,2039
3099,2040
3100,2041
3100,2042
3101,2043
3102,2044
3103,2045
3104,2046
3105,2047
3105,2048
3105,2049
3106,2050
3106,2051
3106,2052
3107,2053
3107,2054
3108,2055
3108,2056
3109,2057
3109,2058
3110,2059
3110,2060
3111,2061
3112,2062
3113,2063
3113,2064
3114,2065
3115,2066
3116,2067
3117,2068
3118,2069
3119,2070
3119,2071
3119,2072
3120,2073
3121,2074
3121,2075
3121,2076
3121,2077
3122,2078
3122,2079
3122,2080
3122,2081
3123,2082
3124,2083
3125,2084
3125,2085
3125,2086
3126,2087
3127,2088
3128,2089
3129,2090
3129,2091
3129,2092
3130,2093
3130,2094
3130,2095
3131,2096
3131,2097
3132,2098
3133,2099
3134,2100
3135,2101
3135,2102
3135,2103
3136,2104
3136,2105
3137,2106
3138,2107
3139,2108
3140,2109
3141,2110
3142,2111
3142,2112
3142,2113
3143,2114
3143,2115
3143,2116
3144,2117
3144,2118
3144,2119
3144,2120
3145,2121
3146,2122
3146,2123
3146,2124
3146,2125
3147,2126
3147,2127
3148,2128
3148,2129
3148,2130
3148,2131
3149,2132
3149,2133
3149,2134
3149,2135
3150,2136
3151,2137
3152,2138
3153,2139
3154,2140
3155,2141
3156,2142
3157,2143
3158,2144
3158,2145
3159,2146
3159,2147
3160,2148
3160,2149
3161,2150
3161,2151
3162,2152
3162,2153
3162,2154
3162,2155
3163,2156
3164,2157
3165,2158
3165,2159
3166,2160
3166,2161
3167,2162
3167,2163
3167,2164
3167,2165
3168,2166
3168,2167
3169,2168
3169,2169
3170,2170
3170,2171
3171,2172
3171,2173
3172,2174
3173,2175
3173,2176
3174,2177
3174,2178
3175,2179
3175,2180
3176,2181
3177,2182
3178,2183
3179,2184
3180,2185
3181,2186
3182,2187
3183,2188
3184,2189
3185,2190
3186,2191
3187,2192
3188,2193
3189,2194
3189,2195
3189,2196
3190,2197
3190,2198
3190,2199
3190,2200
3191,2201
3192,2202
3193,2203
3194,2204
3195,2205
3196,2206
3197,2207
3198,2208
3199,2209
3199,2210
3199,2211
3200,2212
3200,2232
3201,2213
3202,2214
3203,2215
3203,2235
3204,2216
3205,2217
3205,2258
3206,2218
3207,2219
3208,2220
3209,2221
3210,2222
3211,2223
3212,2224
3213,2225
3214,2226
3214,2227
3214,2228
3215,2229
3216,2230
3217,2231
3217,2234
3218,2233
3219,2236
3219,2237
3219,2238
3219,2239
3220,2240
3221,2241
3221,2242
3221,2243
3221,2244
3222,2245
3222,2246
3222,2247
3222,2248
3223,2249
3223,2250
3223,2251
3223,2252
3225,2257
3226,2259
3227,2260
3228,2261
3228,2262
3228,2263
3229,2264
3229,2265
3230,2266
3231,2267
3232,2268
3233,2269
3234,2270
3235,2271
3235,2272
3235,2273
3236,2274
3236,2275
3236,2276
3236,2277
3236,2278
3237,2279
3238,2280
3239,2281
3240,2282
3241,2283
3242,2284
3242,2285
3242,2286
3242,2287
3242,2293
3243,2288
3244,2289
3244,2290
3245,2291
3245,2292
3266,2314
3266,2315
3266,2316
3266,2317
3270,2321
3270,2322
3271,2323
3271,2324
3271,2325
3272,2326
3272,2327
3272,2328
3273,2329
3273,2330
3273,2331
3274,2332
3274,2333
3274,2334
3275,2335
3275,2336
3275,2337
3276,2338
3277,2339
3278,2340
3278,2341
3278,2342
3278,2343
3278,2344
3279,2345
3280,2346
3281,2347
3282,2348
3283,2349
3285,2351
3286,2352
3286,2353
3286,2354
3286,2355
3287,2356
3288,2358
3289,2359
3289,2360
3289,2361
3290,2362
3290,2363
3290,2364
3291,2365
3291,2366
3292,2367
3293,2368
3294,2369
3295,2370
3295,2371
3296,2372
3297,2373
3297,2374
3298,2375
3299,2376
3301,2378
3301,2379
3301,2380
3302,2381
3303,2382
3303,2383
3303,2384
3304,2385
3304,2386
3305,2387
3305,2388
3305,2389
3306,2390
3307,2391
3308,2392
3308,2393
3309,2394
3309,2395
3309,2396
3310,2397
3310,2398
3310,2399
3310,2400
3311,2401
3312,2402
3313,2403
3314,2404
3315,2405
3315,2406
3315,2407
3316,2408
3316,2409
3316,2410
3317,2411
3317,2412
3317,2413
3318,2414
3318,2415
3318,2416
3319,2417
3319,2418
3319,2419
3320,2420
3320,2421
3320,2422
3321,2423
3321,2424
3321,2425
3322,2426
3322,2427
3322,2428
3323,2429
3323,2430
3323,2431
3324,2432
3324,2433
3324,2434
3325,2435
3326,2436
3327,2437
3327,2438
3328,2439
3328,2440
3328,2441
3329,2442
3329,2443
3329,2444
3330,2445
3331,2446
3332,2447
3332,2448
3333,2449
3333,2450
3334,2451
3334,2452
3336,2455
3337,2456
3337,2457
3337,2458
3338,2459
3339,2460
3340,2461
3341,2462
3342,2463
3343,2464
3344,2465
3345,2466
3346,2467
3347,2468
3348,2469
3349,2470
3350,2471
3350,2472
3350,2473
3351,2474
3351,2475
3351,2476
3352,2477
3352,2478
3352,2479
3353,2480
3353,2481
3353,2482
3354,2483
3354,2484
3354,2485
3355,2486
3355,2487
3355,2488
3356,2489
3356,2490
3356,2491
3357,2492
3357,2493
3357,2494
3358,2495
3358,2496
3358,2497
3359,2498
3359,2499
3359,2500
3360,2501
3361,2502
3362,2503
3363,2504
3364,2505
3365,2506
3366,2507
3367,2508
3368,2509
3369,2510
3370,2511
3371,2512
3372,2513
3373,2514
3374,2515
3375,2516
3375,2517
3375,2518
3376,2519
3377,2520
3377,2521
3377,2522
3377,2523
3378,2524
3378,2525
3379,2526
3379,2527
3379,2528
3380,2529
3381,2530
3382,2531
3383,2532
3384,2533
3385,2534
3386,2535
3386,2536
3386,2537
3387,2538
3387,2539
3388,2540
3388,2541
3389,2542
3389,2543
3389,2544
3389,2545
3390,2546
3390,2547
3390,2548
3391,2549
3391,2550
3391,2551
3392,2552
3392,2553
3392,2554
3392,2555
3393,2556
3394,2557
3395,2558
3395,2559
3395,2560
3396,2561
3396,2562
3396,2563
3396,2564
3397,2565
3397,2566
3398,2567
3398,2568
3398,2569
3398,2570
3399,2571
3399,2572
3400,2573
3401,2574
3402,2575
3403,2576
3404,2577
3406,2579
3407,2580
3408,2581
3408,2582
3408,2583
3409,2584
3410,2585
3411,2586
3412,2587
3413,2588
3414,2589
3415,2590
3416,2591
3417,2592
3417,2593
3418,2594
3419,2595
3420,2596
3421,2597
3421,2598
3421,2599
3421,2600
3422,2601
3423,2602
3423,2603
3423,2604
3424,2605
3424,2606
3424,2607
3425,2608
3425,2609
3425,2610
3426,2611
3426,2612
3426,2613
3427,2614
3428,2615
3429,2616
3430,2617
3431,2618
3432,2619
3433,2620
3434,2621
3435,2622
3436,2623
3437,2624
3438,2625
3439,2626
3440,2627
3441,2628
3462,2649
3463,2650
3463,2651
3463,2652
3464,2653
3464,2654
3464,2655
3497,2667
3497,2668
3497,2669
3499,2673
3499,2674
3499,2675
3501,2677
3501,2678
3501,2679
3502,2680
3502,2681
3502,2682
3502,2683
3502,2684
3503,2685
3504,2704
3504,2705
3504,2706
3505,2707
3505,2708
3505,2709
3506,2710
3507,2711
3508,2712
3508,2713
3508,2714
3509,2715
3509,2716
3509,2717
3510,2718
3510,2719
3510,2720
3511,2721
3511,2722
3511,2723
3512,2724
3512,2725
3512,2726
3513,2727
3513,2728
3513,2729
3514,2730
3514,2731
3515,2732
3515,2733
3516,2734
3516,2735
3517,2736
3517,2737
3518,2738
3518,2739
3519,2740
3520,2741
3521,2742
3522,2743
3523,2744
3524,2745
3525,2746
3526,2747
3527,2748
3528,2749
3529,2750
3530,2751
3531,2752
3532,2753
3533,2754
3534,2755
3535,2756
3536,2757
3537,2758
3538,2759
3539,2760
3540,2761
3541,2762
3542,2763
3543,2764
3544,2765
3545,2766
3546,2767
3547,2768
3548,2769
3549,2770
3550,2817
3550,2818
3551,2772
3552,2773
3552,2774
3552,2775
3553,2776
3554,2777
3554,2778
3554,2779
3554,2780
3555,2781
3555,2782
3555,2783
3556,2784
3556,2785
3556,2786
3557,2787
3558,2788
3559,2789
3560,2790
3561,2791
3562,2792
3563,2793
3563,2794
3563,2795
3563,2796
3564,2797
3564,2798
3565,2800
3565,2801
3566,2802
3567,2803
3567,2804
3567,2805
3568,2806
3568,2807
3568,2808
3568,2809
3568,2810
3568,2811
3569,2812
3570,2813
3571,2814
3572,2815
3573,2816
3575,2819
3575,2820
3575,2821
3576,2822
3576,2823
3576,2824
3577,2825
3577,2826
3577,2827
3578,2828
3579,2829
3580,2830
3581,2831
3581,2832
3582,2833
3582,2834
3583,2835
3584,2836
3585,2837
3586,2838
3587,2839
3587,2840
3587,2841
3588,2842
3589,2843
3590,2844
3591,2845
3592,2846
3592,2847
3592,2848
3593,2849
3593,2850
3593,2851
3593,2852
3594,2853
3594,2854
3594,2855
3595,2856
3595,2857
3595,2858
3596,2859
3596,2860
3596,2861
3597,2862
3597,2863
3597,2864
3598,2865
3598,2866
3599,2867
3599,2868
3599,2869
3599,2870
3599,2871
3601,2876
3601,2877
3601,2878
3601,2879
3678,2919
3678,2920
3678,2921
3678,2922
3681,2925
3681,2926
3681,2927
3682,2928
3682,2929
3683,2930
3683,2931
3683,2932
3684,2933
3684,2934
3685,2935
3685,2936
3686,2937
3686,2938
3687,2939
3687,2940
3688,2941
3688,2942
3689,2943
3689,2944
3690,2945
3690,2946
3691,2947
3691,2948
3692,2949
3692,2950
3693,2951
3693,2952
3694,2953
3694,2954
3695,2955
3695,2956
3696,2957
3697,2958
3698,2959
3699,2960
3700,2961
3701,2962
3702,2963
3703,2964
3704,2965
3705,2966
3706,2967
3707,2968
3708,2969
3709,2970
3710,2971
3711,2972
3712,2973
3713,2974
3714,2975
3715,2976
3716,2977
3717,2978
3718,2979
3719,2980
3720,2981
3721,2982
3722,2983
3723,2984
3724,2985
3724,2986
3724,2987
3724,2988
3745,3024
3745,3025
3745,3026
3746,3027
3746,3028
3746,3029
3747,3030
3747,3031
3748,3032
3748,3033
3748,3034
3748,3035
3748,3036
3749,3037
3749,3038
3749,3039
3749,3040
3750,3041
3750,3042
3750,3043
3752,3044
3752,3045
3753,3046
3753,3047
3753,3048
3753,3049
3754,3050
3754,3051
3754,3052
3755,3053
3755,3054
3756,3055
3756,3056
3756,3057
3756,3058
3758,3059
3758,3060
3758,3061
3758,3062
3759,3063
3759,3064
3759,3065
3759,3066
3760,3067
3760,3068
3761,3069
3761,3070
3791,3095
3791,3096
3791,3097
3793,3098
3794,3099
3795,3100
3796,3101
3797,3102
3797,3103
3797,3104
3798,3105
3799,3106
3800,3107
3802,3109
3803,3110
3804,3111
3805,3112
3807,3114
3808,3115
3809,3116
3811,3118
3813,3120
3814,3121
3815,3122
3817,3124
3817,3125
3817,3126
3817,3127
3817,3128
3818,3129
3819,3130
3819,3131
3820,3132
3821,3133
3822,3134
3823,3135
3824,3136
3825,3137
3826,3138
3827,3139
3827,3140
3827,3141
3828,3142
3829,3143
3830,3144
3830,3145
3831,3146
3831,3147
3831,3148
3832,3149
3832,3150
3832,3151
3833,3152
3834,3153
3835,3154
3836,3155
3837,3156
3837,3157
3837,3158
3837,3159
3837,3160
3839,3165
3840,3166
3841,3167
3841,3168
3841,3169
3842,3170
3842,3171
3843,3172
3845,3174
3846,3175
3846,3176
3846,3177
3846,3178
3847,3179
3847,3180
3847,3181
3847,3182
3847,3183
3848,3184
3848,3185
3848,3186
3848,3187
3868,3214
3869,3215
3870,3216
3871,3217
3872,3218
3873,3219
3874,3220
3875,3221
3876,3222
3877,3223
3878,3224
3879,3225
3880,3226
3881,3227
3882,3228
3883,3229
3884,3230
3884,3231
3884,3232
3885,3233
3885,3234
3885,3235
3886,3236
3886,3237
3886,3238
3887,3239
3887,3240
3887,3241
3888,3242
3888,3243
3888,3244
3889,3245
3889,3246
3889,3247
3890,3248
3890,3249
3890,3250
3891,3251
3891,3252
3891,3253
3892,3254
3892,3255
3892,3256
3893,3257
3894,3258
3895,3259
3896,3260
3897,3261
3898,3262
3899,3263
3900,3264
3901,3265
3902,3266
3903,3267
3904,3268
3904,3269
3905,3270
3906,3271
3906,3272
3907,3273
3908,3274
3908,3275
3908,3276
3909,3277
3910,3278
3911,3279
3912,3280
3913,3281
3913,3282
3913,3283
3914,3284
3914,3285
3915,3286
3915,3287
3916,3288
3916,3289
3935,3314
3983,3377
4018,3414
4018,3415
4120,3612
4120,3613
4120,3614
4120,3615
4120,3616
4152,3644
4152,3645
4152,3646
4184,3676
4184,3677
4184,3678
4185,3679
4186,3680
4186,3681
4186,3682
4218,3712
4218,3713
4218,3714
4226,3728
4257,3755
4257,3756
4258,3757
4293,3791
4294,3792
4295,3793
4297,3795
4297,3796
4297,3797
4297,3798
4298,3799
4299,3800
4299,3801
4299,3802
4300,3803
4301,3804
4302,3805
4303,3806
4304,3807
4305,3808
4306,3809
4307,3810
4308,3811
4309,3812
4310,3813
4311,3814
4312,3815
4313,3816
4314,3817
4314,3818
4314,3819
4314,3820
4315,3821
4316,3822
4317,3823
4317,3824
4317,3825
4318,3826
4319,3827
4320,3828
4322,3833
4324,3835
4324,3836
4324,3837
4324,3838
4325,3839
4326,3840
4327,3841
4328,3842
4330,3844
4331,3845
4331,3846
4331,3847
4332,3848
4332,3849
4334,3869
4338,3879
4338,3880
4339,3881
4339,3882
4339,3883
4339,3884
4340,3885
4340,3886
4341,3887
4342,3888
4343,3889
4343,3890
4344,3891
4344,3892
4345,3893
4345,3894
4346,3895
4346,3896
4346,3897
4347,3898
4347,3899
4349,3904
4349,3905
4349,3906
4350,3907
4351,3908
4351,3909
4351,3910
4352,3911
4352,3912
4352,3913
4353,3914
4353,3915
4354,3916
4354,3917
4354,3918
4354,3919
4355,3920
4355,3921
4355,3922
4356,3923
4356,3924
4357,3925
4357,3926
4357,3927
4357,3928
4358,3929
4358,3930
4358,3931
4358,3932
4359,3933
4360,3934
4360,3935
4360,3936
4361,3937
4361,3938
4361,3939
4362,3940
4362,3941
4362,3942
4363,3943
4363,3944
4363,3945
4364,3946
4364,3947
4365,3948
4366,3949
4367,3950
4368,3951
4370,3952
4371,3953
4372,3954
4400,3983
4401,3984
4402,3985
4403,3986
4432,4015
4433,4016
4433,4017
4434,4018
4435,4019
4437,4020
4437,4021
4437,4022
4437,4023
4438,4024
4439,4025
4439,4026
4439,4027
4439,4028
4440,4029
4440,4030
4440,4031
4441,4032
4442,4033
4443,4034
4443,4035
4444,4036
4444,4037
4445,4038
4445,4039
4446,4040
4446,4041
4447,4042
4475,4066
4475,4067
4475,4068
4476,4069
4476,4070
4476,4071
4477,4072
4478,4073
4479,4074
4480,4075
4481,4076
4483,4081
4484,4082
4485,4083
4486,4084
4487,4085
4487,4086
4487,4087
4487,4088
4507,4098
4507,4099
4508,4100
4509,4101
4509,4102
4509,4103
4509,4104
4509,4105
4510,4106
4512,4108
4513,4109
4514,4110
4515,4111
4516,4112
4517,4113
4518,4114
4519,4115
4520,4116
4520,4117
4521,4118
4521,4119
4521,4120
4522,4121
4522,4122
4522,4123
4523,4124
4523,4125
4523,4126
4524,4127
4524,4128
4546,4142
4547,4143
4548,4144
4549,4145
4550,4146
4550,4147
4550,4148
4587,4178
4588,4179
4588,4180
4591,4184
4623,4216
4624,4217
4624,4218
4624,4219
4625,4220
4626,4221
4658,4253
4690,4285
4722,4317
4723,4318
4723,4319
4723,4320
4723,4321
4725,4323
4725,4324
4725,4325
4725,4326
4725,4327
4726,4328
4734,4348
4734,4349
4734,4350
4736,4354
4736,4355
4736,4356
4737,4357
4737,4358
4737,4359
4738,4360
4738,4361
4738,4362
4739,4363
4739,4364
4739,4365
4740,4366
4740,4367
4740,4368
4741,4369
4741,4370
4741,4371
4742,4372
4742,4373
4742,4374
4743,4375
4743,4376
4743,4377
4744,4378
4744,4379
4744,4380
4745,4381
4745,4382
4745,4383
4746,4384
4746,4385
4746,4386
4747,4387
4748,4388
4749,4389
4750,4390
4751,4391
4752,4392
4753,4393
4754,4394
4755,4395
4756,4396
4757,4397
4758,4398
4759,4399
4760,4400
4761,4401
4762,4402
4763,4403
4764,4404
4765,4405
4767,4406
4774,4413
4774,4414
4775,4415
4776,4416
4776,4417
4777,4418
4777,4419
4778,4420
4779,4421
4780,4422
4781,4423
4782,4424
4783,4425
4784,4426
4785,4427
4785,4428
4786,4429
4786,4430
4787,4431
4788,4432
4789,4433
4790,4434
4790,4435
4791,4436
4792,4437
4792,4438
4792,4439
4793,4440
4794,4441
4794,4442
4794,4443
4795,4444
4797,4446
4798,4447
4798,4448
4798,4449
4799,4450
4800,4451
4800,4452
4801,4453
4801,4454
4801,4455
4801,4456
4802,4457
4802,4458
4802,4459
4803,4460
4804,4461
4805,4462
4806,4463
4807,4464
4808,4465
4808,4466
4808,4467
4810,4469
4811,4470
4811,4471
4812,4472
4813,4473
4813,4474
4814,4475
4814,4476
4814,4477
4814,4478
4815,4479
4815,4480
4815,4481
4816,4482
4816,4483
4816,4484
4817,4485
4817,4486
4818,4487
4818,4488
4819,4489
4819,4490
4819,4491
4855,4517
4856,4518
4856,4519
4856,4520
4857,4521
4857,4547
4857,4548
4858,4522
4859,4523
4859,4524
4859,4525
4859,4526
4860,4527
4861,4528
4861,4529
4861,4530
4862,4531
4862,4532
4862,4533
4863,4534
4864,4535
4864,4536
4864,4537
4864,4538
4865,4539
4866,4540
4866,4546
4867,4541
4867,4542
4867,4543
4867,4544
4867,4545
4868,4549
4869,4550
4871,4552
4872,4553
4873,4554
4874,4555
4875,4556
4876,4557
4877,4558
4878,4559
4878,4560
4878,4561
4878,4562
4879,4563
4880,4564
4880,4565
4881,4566
4883,4567
4884,4568
4884,4569
4884,4570
4884,4571
4885,4572
4886,4573
4887,4574
4888,4575
4888,4576
4889,4577
4890,4578
4890,4579
4891,4580
4892,4581
4892,4582
4892,4583
4892,4584
4893,4585
4893,4586
4894,4587
4894,4588
4894,4589
4894,4590
4895,4591
4896,4592
4897,4593
4898,4594
4898,4595
4898,4596
4898,4597
4898,4598
4899,4599
4899,4600
4900,4601
4900,4602
4900,4603
4900,4604
4902,4605
4903,4606
4904,4607
4904,4608
4905,4609
4907,4610
4907,4611
4907,4612
4907,4613
4908,4614
4908,4615
4910,4616
4910,4617
4911,4618
4912,4619
4913,4620
4914,4621
4915,4622
4916,4623
4917,4624
4918,4625
4921,4627
4922,4628
4922,4629
4922,4630
4924,4631
4924,4632
4924,4633
4925,4634
4926,4635
4927,4636
4928,4637
4929,4638
4930,4639
4931,4640
4931,4641
4931,4642
4931,4643
4931,4644
4932,4645
4933,4646
4933,4647
4933,4648
4933,4649
4933,4650
4934,4651
4934,4652
4934,4653
4935,4654
4936,4655
4937,4656
4938,4657
4939,4658
4940,4659
4941,4660
4941,4661
4941,4662
4942,4663
4942,4664
4942,4665
4943,4666
4943,4667
4944,4668
4945,4669
4945,4670
4945,4671
4945,4672
4945,4673
4946,4674
4947,4675
4948,4676
4949,4677
4949,4678
4949,4679
4950,4680
4950,4681
4950,4682
4951,4683
4951,4684
4954,4687
4986,4719
4987,4720
4988,4721
4989,4722
4990,4723
4991,4724
4992,4725
4993,4726
4994,4727
4994,4728
4994,4729
4994,4730
4995,4731
4996,4732
4996,4733
4996,4734
4996,4735
4997,4736
4998,4737
4999,4738
5000,4739
5001,4740
5002,4741
5003,4742
5003,4743
5003,4744
5004,4745
5005,4746
5006,4747
5006,4748
5007,4749
5008,4750
5008,4751
5008,4752
5008,4753
5008,4754
5008,4755
5009,4756
5010,4757
5010,4758
5010,4759
5011,4760
5011,4761
5011,4762
5012,4763
5012,4764
5012,4765
5013,4766
5013,4767
5013,4768
5014,4769
5015,4770
5016,4771
5017,4772
5017,4773
5017,4774
5018,4775
5018,4776
5018,4777
5019,4778
5020,4779
5021,4780
5022,4781
5022,4782
5023,4783
5024,4784
5024,4785
5024,4786
5025,4787
5026,4788
5027,4789
5028,4790
5028,4791
5028,4792
5028,4793
5029,4794
5061,4826
5063,4827
5064,4828
5065,4829
5066,4830
5068,4832
5069,4833
5070,4834
5071,4835
5072,4836
5073,4837
5073,4838
5073,4839
5074,4840
5074,4841
5074,4842
5075,4843
5075,4844
5075,4845
5075,4846
5076,4847
5077,4848
5080,4855
5080,4856
5080,4857
5080,4858
5080,4859
5081,4860
5081,4861
5081,4862
5081,4863
5081,4864
5082,4865
5082,4866
5082,4867
5082,4868
5082,4869
5083,4870
5083,4871
5083,4872
5083,4873
5083,4874
5084,4875
5084,4876
5085,4877
5086,4878
5087,4879
5088,4880
5089,4881
5089,4882
5089,4883
5089,4884
5089,4885
5090,4886
5090,4887
5090,4888
5090,4889
5091,4890
5092,4891
5093,4892
5094,4893
5095,4894
5096,4895
5098,4897
5099,4898
5100,4899
5101,4900
5101,4901
5101,4902
5102,4903
5102,4904
5102,4905
5103,4906
5103,4907
5103,4908
5103,4909
5106,4912
5106,4913
5106,4914
5106,4915
5106,4916
5108,4921
5108,4922
5108,4923
5109,4924
5109,4925
5109,4926
5110,4927
5110,4928
5110,4929
5111,4930
5111,4931
5111,4932
5112,4933
5114,4935
5116,4937
5117,4938
5118,4939
5119,4940
5120,4941
5121,4942
5122,4943
5123,4944
5123,4945
5124,4946
5124,4947
5124,4948
5125,4949
5125,4950
5125,4951
5125,4952
5125,4953
5126,4954
5127,4955
5128,4956
5129,4957
5130,4958
5130,4959
5130,4960
5131,4961
5131,4962
5131,4963
5132,4964
5132,4965
5132,4966
5133,4967
5133,4968
5133,4969
5134,4970
5134,4971
5134,4972
5135,4973
5136,4974
5137,4975
5137,4976
5137,4977
5138,4978
5138,4979
5138,4980
5138,4981
5139,4982
5139,4983
5139,4984
5139,4985
5140,4986
5141,4987
5142,4988
5143,4989
5143,4990
5143,4991
5144,4992
5144,4993
5144,4994
5145,4995
5146,4996
5171,5010
5172,5011
5172,5012
5172,5013
5172,5014
5173,5015
5173,5016
5173,5017
5173,5018
5178,5031
5180,5032
5181,5033
5182,5034
5183,5035
5183,5036
5183,5037
5183,5038
5184,5039
5185,5040
5186,5041
5186,5042
5186,5043
5251,5076
5251,5077
5251,5078
5251,5079
5252,5080
5252,5081
5252,5082
5253,5083
5253,5084
5253,5085
5254,5086
5254,5087
5254,5088
5255,5089
5255,5090
5255,5091
5256,5092
5257,5093
5258,5094
5259,5095
5260,5096
5261,5097
5262,5098
5263,5099
5263,5100
5263,5101
5264,5102
5283,5108
5283,5109
5283,5110
5283,5111
5284,5112
5285,5113
5285,5114
5285,5115
5286,5116
5286,5117
5286,5118
5287,5119
5287,5120
5288,5121
5289,5122
5290,5123
5291,5124
5292,5125
5293,5126
5294,5127
5295,5128
5296,5129
5297,5130
5298,5131
5299,5132
5306,5135
5306,5136
5306,5137
5306,5138
5308,5139
5309,5140
5310,5141
5311,5142
5313,5143
5314,5144
5315,5145
5316,5146
5317,5147
5318,5148
5319,5149
5319,5150
5319,5151
5320,5152
5320,5153
5320,5154
5320,5155
5321,5156
5321,5157
5321,5158
5322,5159
5322,5160
5322,5161
5323,5162
5323,5163
5323,5164
5323,5165
5323,5166
5323,5167
5324,5168
5324,5169
5324,5170
5324,5171
5324,5172
5325,5173
5326,5174
5328,5178
5328,5179
5328,5180
5328,5181
5328,5182
5329,5183
5329,5184
5329,5185
5330,5186
5330,5187
5332,5191
5332,5192
5332,5193
5333,5194
5333,5195
5334,5196
5334,5197
5335,5198
5335,5199
5335,5200
5363,5220
5364,5221
5365,5222
5366,5223
5367,5224
5368,5225
5369,5226
5370,5227
5371,5228
5372,5229
5373,5230
5374,5231
5375,5232
5375,5233
5375,5234
5375,5235
5375,5236
5393,5261
5395,5262
5396,5263
5396,5264
5396,5265
5397,5266
5398,5267
5399,5268
5431,5299
5432,5300
5433,5301
5434,5302
5435,5303
5436,5304
5437,5305
5438,5306
5439,5307
5440,5308
5441,5309
5442,5310
5443,5311
5443,5312
5443,5313
5444,5314
5445,5315
5446,5316
5447,5317
5448,5318
5449,5319
5450,5320
5451,5321
5452,5322
5454,5323
5455,5324
5456,5325
5457,5326
5458,5327
5459,5328
5460,5329
5461,5330
5462,5331
5463,5332
5464,5333
5464,5334
5464,5335
5465,5336
5465,5337
5465,5338
5466,5339
5467,5340
5467,5341
5467,5342
5468,5343
5468,5344
5468,5345
5469,5346
5469,5347
5469,5348
5470,5349
5470,5350
5470,5351
5471,5352
5471,5353
5471,5354
5472,5355
5472,5356
5472,5357
5473,5358
5473,5359
5473,5360
5474,5361
5474,5362
5474,5363
5475,5364
5475,5365
5475,5366
5476,5367
5476,5368
5476,5369
5477,5370
5478,5371
5478,5372
5478,5373
5478,5374
5479,5375
5480,5376
5480,5377
5480,5378
5481,5379
5481,5380
5481,5381
5481,5382
5481,5383
5481,5384
5482,5385
5483,5386
5484,5387
5485,5388
5486,5389
5487,5390
5488,5391
5489,5392
5490,5393
5491,5394
5492,5395
5493,5396
5494,5397
5495,5398
5496,5399
5497,5400
5498,5401
5499,5402
5500,5403
5501,5404
5501,5405
5501,5406
5501,5407
5501,5408
5502,5409
5503,5410
5503,5411
5503,5412
5503,5413
5504,5414
5505,5415
5505,5416
5505,5417
5506,5418
5506,5419
5506,5420
5507,5421
5508,5422
5509,5423
5510,5424
5510,5425
5510,5426
5510,5427
5511,5428
5511,5429
5511,5430
5512,5431
5512,5432
5512,5433
5512,5434
5513,5435
5514,5436
5514,5437
5514,5438
5515,5439
5516,5440
5516,5441
5516,5442
5516,5443
5517,5444
5518,5445
5518,5446
5518,5447
5518,5448
5518,5449
5519,5450
5520,5451
5521,5452
5522,5453
5522,5454
5523,5455
5523,5456
5523,5457
5523,5458
5524,5459
5524,5460
5524,5461
5524,5462
5524,5463
5524,5464
5525,5465
5525,5466
5525,5467
5526,5468
5526,5469
5526,5470
5527,5471
5528,5472
5529,5473
5530,5474
5531,5475
5532,5476
5533,5477
5534,5478
5535,5479
5536,5480
5537,5481
5538,5482
5538,5483
5538,5484
5538,5485
5538,5486
5539,5487
5540,5488
5540,5489
5540,5490
5541,5491
5541,5492
5541,5493
5542,5494
5542,5495
5542,5496
5543,5497
5543,5498
5543,5499
5544,5500
5545,5501
5546,5502
5547,5503
5548,5504
5549,5505
5550,5506
5551,5507
5552,5508
5553,5509
5554,5510
5555,5511
5556,5512
5557,5513
5558,5514
5559,5515
5559,5516
5559,5517
5560,5518
5560,5519
5560,5520
5561,5521
5561,5522
5561,5523
5562,5524
5562,5525
5562,5526
5563,5527
5563,5528
5563,5529
5563,5530
5563,5531
5564,5532
5564,5533
5564,5534
5565,5535
5566,5536
5567,5537
5567,5538
5567,5539
5567,5540
5567,5541
5567,5542
5568,5543
5568,5544
5569,5545
5569,5546
5569,5547
5569,5548
5570,5549
5571,5550
5572,5551
5573,5552
5573,5553
5574,5554
5574,5555
5575,5556
5575,5557
5575,5558
5576,5559
5576,5560
5576,5561
5577,5562
5578,5563
5579,5564
5580,5565
5581,5566
5582,5567
5583,5568
5584,5569
5585,5570
5586,5571
5586,5572
5586,5573
5586,5574
5586,5575
5587,5576
5588,5577
5589,5578
5590,5579
5609,5594
5609,5595
5609,5596
5610,5597
5610,5598
5610,5599
5610,5600
5610,5601
5610,5602
5611,5603
5611,5604
5611,5605
5611,5606
5611,5607
5611,5608
5612,5609
5612,5610
5612,5611
5612,5612
5612,5613
5613,5614
5613,5615
5613,5616
5613,5617
5613,5618
5614,5619
5614,5620
5614,5621
5615,5622
5615,5623
5615,5624
5615,5625
5616,5626
5617,5627
5617,5628
5617,5629
5618,5630
5618,5631
5618,5632
5619,5633
5620,5634
5621,5635
5622,5636
5623,5637
5624,5638
5625,5639
5626,5640
5627,5641
5628,5642
5629,5643
5630,5644
5631,5645
5632,5646
5633,5647
5634,5648
5635,5649
5636,5650
5637,5651
5638,5652
5639,5653
5640,5654
5641,5655
5642,5656
5643,5657
5644,5658
5645,5659
5646,5660
5647,5661
5648,5662
5649,5663
5650,5664
5651,5665
5652,5666
5652,5705
5652,5706
5653,5667
5653,5668
5653,5669
5653,5670
5654,5671
5655,5672
5655,5673
5655,5674
5656,5675
5656,5676
5656,5677
5657,5678
5658,5679
5659,5680
5660,5681
5661,5682
5662,5717
5663,5683
5664,5684
5664,5685
5664,5686
5665,5687
5665,5688
5665,5689
5666,5690
5666,5691
5666,5692
5667,5693
5667,5694
5667,5695
5668,5696
5668,5697
5668,5698
5669,5699
5669,5700
5669,5701
5670,5702
5670,5703
5670,5704
5671,5707
5671,5708
5671,5709
5671,5710
5671,5711
5672,5712
5672,5713
5672,5714
5672,5715
5673,5716
5674,5718
5674,5719
5674,5720
5674,5721
5674,5722
5674,5723
5675,5724
5675,5725
5676,5726
5676,5727
5676,5728
5677,5729
5678,5730
5679,5731
5679,5732
5680,5733
5681,5734
5681,5735
5681,5736
5681,5737
5682,5738
5683,5739
5683,5740
5683,5741
5685,5743
5685,5744
5685,5745
5685,5746
5686,5747
5686,5748
5686,5749
5687,5750
5688,5751
5689,5752
5690,5753
5691,5754
5692,5755
5692,5756
5692,5757
5692,5758
5692,5759
5692,5760
5693,5761
5693,5762
5694,5763
5694,5764
5694,5765
5695,5766
5695,5767
5695,5768
5695,5769
5696,5770
5697,5771
5698,5772
5699,5773
5700,5774
5701,5775
5701,5776
5701,5777
5701,5778
5702,5779
5703,5780
5703,5781
5703,5782
5704,5783
5705,5784
5706,5785
5707,5786
5708,5787
5709,5788
5710,5789
5711,5790
5711,5791
5711,5792
5712,5793
5713,5794
5714,5795
5715,5796
5716,5797
5717,5798
5718,5799
5719,5800
5721,5801
5722,5802
5723,5803
5724,5804
5725,5805
5726,5806
5727,5807
5728,5808
5729,5809
5730,5810
5731,5811
5732,5812
5733,5813
5734,5814
5735,5815
5736,5816
5737,5817
5738,5818
5739,5819
5740,5820
5741,5821
5741,5822
5741,5823
5741,5824
5742,5825
5742,5826
5742,5827
5742,5828
5743,5829
5743,5830
5743,5831
5743,5832
5744,5833
5744,5834
5744,5835
5745,5836
5745,5837
5745,5838
5746,5839
5746,5840
5746,5841
5747,5842
5747,5843
5747,5844
5748,5845
5748,5846
5748,5847
5749,5848
5749,5849
5749,5850
5750,5851
5750,5852
5750,5853
5751,5854
5751,5855
5751,5856
5752,5857
5752,5858
5752,5859
5753,5860
5753,5861
5753,5862
5754,5863
5754,5864
5754,5865
5755,5866
5755,5867
5755,5868
5756,5869
5757,5870
5758,5871
5759,5872
5760,5873
5761,5874
5762,5875
5763,5876
5764,5877
5764,5878
5764,5879
5765,5880
5765,5881
5765,5882
5766,5883
5766,5884
5766,5885
5767,5886
5767,5887
5768,5888
5768,5889
5768,5890
5768,5891
5769,5892
5770,5893
5770,5894
5770,5895
5770,5896
5771,5897
5772,5898
5773,5899
5774,5900
5775,5901
5775,5902
5775,5903
5776,5904
5776,5905
5776,5906
5777,5907
5778,5908
5779,5909
5779,5910
5779,5911
5779,5912
5780,5913
5781,5914
5782,5915
5783,5916
5783,5917
5783,5918
5783,5919
5784,5920
5785,5921
5785,5922
5786,5923
5786,5924
5786,5925
5786,5926
5787,5927
5788,5928
5789,5929
5790,5930
5790,5931
5790,5932
5790,5933
5791,5934
5791,5935
5791,5936
5791,5937
5791,5938
5792,5939
5792,5940
5792,5941
5793,5942
5793,5943
5794,5944
5795,5945
5796,5946
5796,5947
5797,5948
5798,5949
5798,5950
5798,5951
5798,5952
5799,5953
5799,5954
5799,5955
5800,5956
5800,5957
5800,5958
5800,5959
5801,5960
5802,5961
5802,5962
5802,5963
5802,5964
5802,5965
5803,5966
5803,5967
5803,5968
5804,5969
5804,5970
5804,5971
5805,5972
5805,5973
5805,5974
5805,5975
5806,5976
5806,5977
5806,5978
5807,5979
5807,5980
5808,5981
5809,5982
5810,5983
5811,5984
5812,5985
5813,5986
5814,5987
5815,5988
5816,5989
5817,5990
5818,5991
5819,5992
5820,5993
5821,5994
5822,5995
5823,5996
5823,5997
5823,5998
5824,5999
5824,6000
5824,6001
5825,6002
5825,6003
5825,6004
5826,6005
5826,6006
5826,6007
5827,6008
5827,6009
5827,6010
5828,6011
5828,6012
5828,6013
5829,6014
5829,6015
5829,6016
5830,6017
5830,6018
5830,6019
5831,6020
5831,6021
5831,6022
5832,6023
5832,6024
5832,6025
5833,6026
5833,6027
5833,6028
5833,6029
5834,6030
5834,6031
5834,6032
5835,6033
5836,6034
5837,6035
5838,6036
5839,6037
5840,6038
5841,6039
5842,6040
5843,6041
5844,6042
5845,6043
5845,6044
5845,6045
5846,6046
5846,6047
5846,6048
5847,6049
5848,6050
5849,6051
5850,6052
5851,6053
5851,6054
5851,6055
5851,6056
5852,6057
5853,6058
5854,6059
5854,6060
5854,6061
5855,6062
5855,6063
5855,6064
5856,6065
5857,6066
5858,6067
5859,6068
5860,6069
5861,6070
5862,6071
5862,6072
5862,6073
5863,6074
5864,6075
5865,6076
5866,6077
5867,6078
5868,6079
5869,6080
5870,6081
5870,6082
5870,6083
5871,6084
5871,6085
5871,6086
5871,6087
5872,6088
5872,6089
5872,6090
5872,6091
5873,6092
5874,6093
5875,6094
5876,6095
5877,6096
5878,6097
5879,6098
5880,6099
5881,6100
5881,6101
5881,6102
5881,6103
5882,6104
5883,6105
5884,6106
5885,6107
5886,6108
5887,6109
5888,6110
5888,6111
5888,6112
5889,6113
5889,6114
5889,6115
5890,6116
5890,6117
5890,6118
5891,6119
5891,6120
5891,6121
5892,6122
5893,6123
5893,6124
5893,6125
5893,6126
5894,6127
5895,6128
5896,6129
5897,6130
5898,6131
5899,6132
5900,6133
5901,6134
5901,6135
5902,6136
5903,6137
5904,6138
5904,6139
5905,6140
5906,6141
5907,6142
5908,6143
5909,6144
5910,6145
5911,6146
5912,6147
5913,6148
5913,6149
5913,6150
5914,6151
5914,6152
5914,6153
5915,6154
5915,6155
5915,6156
5915,6157
5916,6158
5916,6159
5916,6160
5916,6161
5917,6162
5917,6163
5918,6164
5919,6165
5920,6166
5921,6167
5922,6168
5922,6169
5922,6170
5922,6171
5923,6172
5923,6173
5923,6174
5924,6175
5924,6176
5925,6177
5925,6178
5925,6179
5925,6180
5925,6181
5926,6182
5926,6183
5926,6184
5926,6185
5926,6186
5927,6187
5928,6188
5928,6189
5928,6190
5929,6191
5929,6192
5929,6193
5929,6194
5930,6195
5931,6196
5932,6197
5933,6198
5934,6199
5935,6200
5936,6201
5936,6202
5936,6203
5937,6204
5938,6205
5939,6206
5940,6207
5941,6208
5942,6209
5943,6210
5944,6211
5944,6212
5945,6213
5945,6214
5945,6215
5945,6216
5945,6217
5945,6218
5946,6219
5946,6220
5946,6221
5947,6222
5947,6223
5947,6224
5947,6225
5948,6226
5949,6227
5950,6228
5950,6229
5951,6230
5951,6231
5952,6232
5952,6233
5953,6234
5953,6235
5953,6236
5953,6237
5955,6238
5957,6240
5958,6241
5959,6242
5959,6243
5959,6244
5959,6245
5961,6249
5962,6250
5962,6251
5962,6252
5963,6253
5964,6254
5965,6255
5966,6256
5966,6257
5967,6258
5968,6259
5969,6260
5970,6261
5970,6262
5970,6263
5971,6264
5971,6265
5971,6266
5971,6267
5972,6268
5974,6270
5982,6278
5983,6279
5984,6280
5985,6281
5986,6282
5986,6283
5987,6284
5987,6285
5987,6286
5987,6287
5987,6288
5988,6289
5988,6290
5988,6291
5988,6292
5988,6293
5988,6294
5989,6295
5989,6296
5989,6297
5989,6298
5991,6303
5991,6304
5991,6305
5991,6306
5992,6307
5992,6308
5992,6309
5992,6310
5992,6311
5993,6312
5994,6313
5994,6314
5994,6315
5994,6316
5995,6317
5995,6318
5995,6319
5995,6320
5996,6321
5996,6322
5996,6323
5996,6324
5997,6325
5997,6326
5997,6327
5998,6328
5998,6329
5998,6330
5999,6331
5999,6332
5999,6333
6000,6334
6000,6335
6000,6336
6001,6337
6001,6338
6001,6339
6002,6340
6002,6341
6002,6342
6003,6343
6004,6344
6005,6345
6006,6346
6007,6347
6008,6348
6009,6349
6010,6350
6011,6351
6012,6352
6013,6353
6014,6354
6015,6355
6016,6356
6017,6357
6018,6358
6019,6359
6020,6360
6021,6361
6022,6362
6023,6363
6024,6364
6025,6365
6026,6366
6027,6367
6027,6368
6027,6369
6027,6370
6028,6371
6029,6372
6030,6373
6031,6374
6032,6375
6033,6376
6034,6377
6035,6378
6036,6379
6037,6380
6037,6381
6037,6382
6038,6383
6038,6384
6038,6385
6038,6386
6039,6387
6040,6388
6041,6389
6042,6390
6044,6391
6045,6392
6046,6393
6047,6394
6048,6395
6049,6396
6050,6397
6051,6398
6052,6399
6053,6400
6054,6401
6055,6402
6055,6403
6055,6404
6055,6405
6056,6406
6057,6407
6057,6408
6057,6409
6058,6410
6058,6411
6058,6412
6059,6413
6059,6414
6059,6415
6059,6416
6059,6417
6060,6418
6061,6419
6062,6420
6063,6421
6063,6422
6063,6423
6063,6424
6063,6425
6064,6426
6065,6427
6066,6428
6066,6429
6067,6430
6067,6431
6068,6432
6068,6433
6069,6434
6069,6435
6070,6436
6071,6437
6072,6438
6072,6439
6072,6440
6074,6441
6074,6442
6074,6443
6075,6444
6075,6445
6075,6446
6076,6447
6076,6448
6076,6449
6077,6450
6078,6451
6079,6452
6080,6453
6081,6454
6082,6455
6083,6456
6084,6457
6085,6458
6086,6459
6087,6460
6088,6461
6089,6462
6090,6463
6091,6464
6092,6465
6093,6466
6094,6467
6094,6468
6094,6469
6095,6470
6096,6471
6097,6472
6097,6473
6097,6474
6098,6475
6098,6476
6099,6477
6099,6478
6099,6479
6099,6480
6100,6481
6100,6482
6100,6483
6101,6484
6101,6485
6101,6486
6102,6487
6102,6488
6102,6489
6103,6490
6103,6491
6103,6492
6103,6493
6104,6494
6104,6495
6104,6496
6105,6497
6106,6498
6107,6499
6108,6500
6109,6501
6110,6502
6111,6503
6112,6504
6113,6505
6114,6506
6115,6507
6115,6508
6116,6509
6117,6510
6118,6511
6119,6512
6119,6513
6119,6514
6120,6515
6121,6516
6121,6517
6122,6518
6123,6519
6124,6520
6124,6521
6125,6522
6126,6523
6127,6524
6128,6525
6129,6526
6130,6527
6131,6528
6132,6529
6133,6530
6134,6531
6135,6532
6136,6533
6137,6534
6138,6535
6139,6536
6140,6537
6141,6538
6142,6539
6142,6540
6143,6541
6143,6542
6144,6543
6145,6544
6145,6545
6146,6546
6146,6547
6146,6548
6147,6549
6147,6550
6147,6551
6148,6552
6149,6553
6149,6554
6150,6555
6151,6556
6152,6557
6153,6558
6154,6559
6155,6560
6156,6561
6156,6562
6156,6563
6157,6564
6157,6565
6157,6566
6158,6567
6158,6568
6158,6569
6158,6570
6158,6571
6159,6572
6159,6573
6160,6574
6161,6575
6162,6576
6163,6577
6164,6578
6165,6579
6165,6580
6166,6581
6167,6582
6167,6583
6167,6584
6168,6585
6168,6586
6168,6587
6169,6588
6170,6589
6171,6590
6172,6591
6173,6592
6173,6593
6173,6594
6173,6595
6173,6596
6174,6597
6174,6598
6174,6599
6175,6600
6176,6601
6176,6602
6177,6603
6177,6604
6177,6605
6177,6606
6178,6607
6179,6608
6179,6609
6180,6610
6181,6611
6181,6612
6181,6613
6181,6614
6182,6615
6182,6616
6183,6617
6184,6618
6185,6619
6186,6620
6187,6621
6188,6622
6189,6623
6190,6624
6190,6625
6190,6626
6191,6627
6191,6628
6191,6629
6192,6630
6192,6631
6192,6632
6192,6633
6193,6634
6193,6635
6193,6636
6194,6637
6194,6638
6195,6639
6196,6640
6197,6641
6198,6642
6199,6643
6200,6644
6201,6645
6202,6646
6203,6647
6204,6648
6204,6649
6204,6650
6205,6651
6205,6652
6206,6653
6207,6654
6208,6655
6209,6656
6212,6657
6212,6658
6212,6659
6212,6660
6213,6661
6213,6662
6213,6663
6213,6664
6214,6665
6215,6666
6216,6667
6217,6668
6217,6669
6217,6670
6218,6671
6218,6672
6218,6673
6219,6674
6219,6675
6219,6676
6220,6677
6220,6678
6220,6679
6221,6680
6221,6681
6221,6682
6222,6683
6223,6684
6224,6685
6225,6686
6226,6687
6227,6688
6228,6689
6230,6691
6231,6692
6232,6693
6233,6694
6234,6695
6235,6696
6236,6697
6237,6698
6238,6699
6239,6700
6240,6701
6241,6702
6241,6703
6241,6704
6242,6705
6242,6706
6242,6707
6245,6709
6246,6710
6247,6711
6248,6712
6248,6713
6248,6714
6248,6715
6249,6716
6250,6717
6251,6718
6252,6719
6253,6720
6254,6721
6255,6722
6256,6723
6256,6724
6256,6725
6257,6726
6257,6727
6257,6728
6258,6729
6258,6730
6259,6731
6260,6732
6260,6733
6260,6734
6261,6735
6261,6736
6261,6737
6261,6738
6262,6743
6262,6744
6262,6745
6262,6746
6263,6750
6263,6751
6263,6752
6264,6753
6264,6754
6264,6755
6264,6756
6264,6757
6265,6758
6265,6759
6265,6760
6266,6761
6267,6762
6268,6763
6269,6764
6270,6765
6271,6766
6272,6767
6273,6768
6274,6769
6275,6770
6277,6771
6278,6772
6279,6773
6280,6774
6280,6775
6280,6776
6281,6777
6281,6778
6281,6779
6282,6780
6282,6781
6282,6782
6282,6783
6282,6784
6282,6785
6283,6786
6283,6787
6283,6788
6283,6789
6283,6790
6284,6791
6284,6792
6284,6793
6284,6794
6284,6795
6284,6796
6284,6797
6285,6798
6285,6799
6285,6800
6285,6801
6286,6802
6287,6803
6288,6804
6289,6805
6290,6806
6291,6807
6292,6808
6293,6809
6294,6810
6295,6811
6296,6812
6297,6813
6298,6814
6298,6815
6298,6816
6299,6817
6299,6818
6299,6819
6300,6820
6300,6821
6300,6822
6301,6823
6301,6824
6301,6825
6302,6826
6302,6827
6302,6828
6302,6829
6303,6830
6303,6831
6303,6832
6304,6833
6305,6834
6306,6835
6307,6836
6308,6837
6309,6838
6310,6839
6311,6840
6312,6841
6313,6842
6313,6843
6313,6844
6314,6845
6314,6846
6314,6847
6315,6848
6315,6849
6315,6850
6315,6851
6315,6852
6316,6853
6317,6854
6318,6855
6319,6856
6320,6857
6321,6858
6322,6859
6323,6860
6324,6861
6324,6862
6324,6863
6325,6864
6325,6865
6326,6866
6327,6867
6327,6868
6327,6869
6328,6870
6328,6871
6328,6872
6329,6873
6330,6874
6331,6875
6331,6876
6332,6877
6332,6878
6333,6879
6333,6880
6333,6881
6334,6882
6334,6883
6335,6884
6336,6885
6336,6886
6336,6887
6337,6888
6337,6889
6338,6890
6338,6891
6338,6892
6338,6893
6338,6894
6339,6895
6340,6896
6341,6897
6342,6898
6343,6899
6343,6900
6343,6901
6343,6902
6344,6903
6345,6904
6346,6905
6347,6906
6348,6907
6349,6908
6350,6909
6351,6910
6352,6911
6353,6912
6354,6913
6355,6914
6356,6915
6357,6916
6358,6917
6359,6918
6360,6919
6361,6920
6362,6921
6363,6922
6364,6923
6365,6924
6366,6925
6366,6926
6367,6927
6367,6928
6367,6929
6367,6930
6368,6931
6369,6932
6369,6933
6369,6934
6370,6935
6370,6936
6370,6937
6371,6938
6371,6939
6371,6940
6372,6941
6372,6942
6372,6943
6373,6944
6374,6945
6375,6946
6376,6947
6377,6948
6378,6949
6378,6950
6378,6951
6379,6952
6380,6953
6381,6954
6382,6955
6383,6956
6383,6957
6384,6958
6385,6959
6386,6960
6386,6961
6386,6962
6386,6963
6386,6964
6387,6965
6387,6966
6387,6967
6388,6968
6388,6969
6388,6970
6389,6971
6390,6972
6391,6973
6392,6974
6393,6975
6394,6976
6394,6977
6394,6978
6394,6979
6394,6980
6395,6981
6395,6982
6395,6983
6396,6984
6396,6985
6396,6986
6397,6987
6398,6988
6398,6989
6398,6990
6398,6991
6399,6992
6399,6993
6400,6994
6401,6995
6402,6996
6403,6997
6404,6998
6405,6999
6406,7000
6407,7001
6407,7002
6407,7003
6407,7004
6407,7005
6408,7006
6408,7007
6408,7008
6408,7009
6409,7010
6409,7011
6409,7012
6410,7013
6410,7014
6410,7015
6411,7016
6411,7017
6411,7018
6412,7019
6412,7020
6412,7021
6413,7022
6414,7023
6415,7024
6416,7025
6417,7026
6418,7027
6418,7028
6418,7029
6418,7030
6419,7031
6419,7032
6419,7033
6420,7034
6421,7035
6422,7036
6423,7037
6424,7038
6425,7039
6426,7040
6427,7041
6428,7042
6429,7043
6429,7044
6429,7045
6430,7046
6430,7047
6430,7048
6431,7049
6432,7050
6433,7051
6434,7052
6435,7053
6436,7054
6437,7055
6438,7056
6438,7057
6439,7058
6439,7059
6439,7060
6439,7061
6440,7062
6440,7063
6441,7064
6441,7065
6441,7066
6441,7067
6441,7068
6442,7069
6443,7070
6443,7071
6443,7072
6444,7073
6444,7074
6444,7075
6445,7076
6446,7077
6446,7078
6447,7079
6448,7080
6449,7081
6449,7082
6450,7083
6452,7084
6452,7085
6453,7086
6453,7087
6453,7088
6454,7089
6455,7090
6456,7091
6457,7092
6458,7093
6459,7094
6459,7095
6459,7096
6460,7097
6460,7098
6460,7099
6460,7100
6460,7101
6461,7102
6462,7103
6462,7104
6462,7105
6462,7106
6462,7107
6463,7108
6463,7109
6464,7110
6465,7111
6466,7112
6466,7113
6467,7114
6467,7115
6468,7116
6469,7117
6470,7118
6471,7119
6472,7120
6472,7121
6473,7122
6473,7123
6473,7124
6474,7125
6474,7126
6474,7127
6475,7128
6475,7129
6475,7130
6476,7131
6476,7132
6476,7133
6477,7134
6477,7135
6477,7136
6478,7137
6478,7138
6478,7139
6479,7140
6479,7141
6480,7142
6481,7143
6482,7144
6483,7145
6484,7146
6485,7147
6486,7148
6486,7149
6486,7150
6487,7151
6487,7152
6487,7153
6488,7154
6488,7155
6489,7156
6490,7157
6491,7158
6492,7159
6492,7160
6493,7161
6494,7162
6495,7163
6496,7164
6497,7165
6498,7166
6499,7167
6500,7168
6501,7169
6502,7170
6502,7171
6503,7172
6504,7173
6505,7174
6506,7175
6506,7176
6506,7177
6507,7178
6507,7179
6507,7180
6508,7181
6508,7182
6508,7183
6509,7184
6509,7185
6509,7186
6510,7187
6511,7188
6512,7189
6513,7190
6514,7191
6515,7192
6516,7193
6517,7194
6518,7195
6519,7196
6520,7197
6521,7198
6521,7199
6521,7200
6522,7201
6523,7202
6524,7203
6525,7204
6526,7205
6526,7206
6526,7207
6527,7208
6528,7209
6529,7210
6530,7211
6530,7212
6530,7213
6531,7214
6531,7215
6531,7216
6532,7217
6532,7218
6532,7219
6533,7220
6533,7221
6533,7222
6534,7223
6534,7224
6534,7225
6535,7226
6536,7227
6537,7228
6538,7229
6539,7230
6540,7231
6541,7232
6542,7233
6543,7234
6543,7235
6543,7236
6544,7237
6545,7238
6546,7239
6547,7240
6547,7241
6547,7242
6547,7243
6548,7244
6549,7245
6550,7246
6551,7247
6552,7248
6553,7249
6554,7250
6555,7251
6555,7252
6555,7253
6556,7254
6556,7255
6557,7256
6558,7257
6558,7258
6558,7259
6558,7260
6559,7261
6559,7262
6559,7263
6560,7264
6560,7265
6560,7266
6561,7267
6561,7268
6561,7269
6562,7270
6562,7271
6562,7272
6563,7273
6564,7274
6565,7275
6566,7276
6566,7277
6567,7278
6567,7279
6568,7280
6569,7281
6570,7282
6571,7283
6572,7284
6573,7285
6574,7286
6575,7287
6576,7288
6577,7289
6577,7290
6578,7291
6579,7292
6580,7293
6581,7294
6581,7295
6581,7296
6581,7297
6582,7298
6582,7299
6582,7300
6583,7301
6583,7302
6583,7303
6584,7304
6585,7305
6586,7306
6587,7307
6588,7308
6589,7309
6591,7310
6591,7311
6591,7312
6592,7313
6592,7314
6592,7315
6593,7316
6593,7317
6593,7318
6594,7319
6594,7320
6594,7321
6595,7322
6596,7323
6597,7324
6599,7325
6600,7326
6601,7327
6602,7328
6603,7329
6604,7330
6605,7331
6606,7332
6606,7333
6607,7334
6608,7335
6608,7336
6609,7337
6610,7338
6611,7339
6612,7340
6613,7341
6614,7342
6614,7343
6614,7344
6615,7345
6615,7346
6615,7347
6616,7348
6616,7349
6616,7350
6616,7351
6617,7352
6617,7353
6617,7354
6617,7355
6618,7356
6618,7357
6619,7358
6620,7359
6620,7360
6620,7361
6621,7362
6621,7363
6621,7364
6621,7365
6622,7366
6623,7367
6624,7368
6625,7369
6626,7370
6627,7371
6628,7372
6629,7373
6630,7374
6631,7375
6632,7376
6633,7377
6634,7378
6634,7379
6634,7380
6634,7381
6635,7382
6635,7383
6636,7384
6637,7385
6638,7386
6639,7387
6640,7388
6641,7389
6642,7390
6643,7391
6644,7392
6645,7393
6645,7394
6646,7395
6647,7396
6647,7397
6648,7398
6648,7399
6648,7400
6648,7401
6649,7402
6649,7403
6649,7404
6650,7405
6651,7406
6652,7407
6653,7408
6654,7409
6655,7410
6657,7414
6658,7415
6659,7416
6660,7417
6661,7418
6662,7419
6663,7420
6664,7421
6665,7422
6666,7423
6666,7424
6666,7425
6666,7434
6667,7426
6667,7427
6667,7428
6667,7429
6668,7430
6668,7431
6668,7432
6668,7433
6669,7435
6669,7436
6669,7437
6670,7438
6671,7439
6672,7440
6672,7441
6672,7442
6672,7443
6673,7444
6674,7445
6675,7446
6675,7447
6676,7448
6676,7449
6676,7450
6677,7451
6677,7452
6677,7453
6677,7454
6678,7455
6678,7456
6678,7457
6678,7458
6679,7459
6680,7460
6680,7461
6680,7462
6680,7463
6680,7464
6681,7465
6682,7466
6683,7467
6683,7468
6683,7469
6683,7470
6684,7471
6684,7472
6685,7473
6685,7474
6685,7475
6685,7476
6686,7477
6686,7478
6686,7479
6686,7480
6687,7481
6688,7482
6688,7483
6688,7484
6689,7485
6690,7486
6691,7487
6692,7488
6693,7489
6694,7490
6695,7491
6696,7492
6697,7493
6698,7494
6699,7495
6700,7496
6701,7497
6702,7498
6703,7499
6704,7500
6705,7501
6706,7502
6707,7503
6708,7504
6709,7505
6710,7506
6711,7507
6712,7508
6713,7509
6714,7510
6715,7511
6715,7512
6722,7513
6722,7514
6722,7515
6723,7516
6723,7517
6723,7518
6723,7519
6724,7520
6725,7521
6725,7522
6725,7523
6725,7524
6725,7525
6726,7526
6727,7527
6728,7528
6729,7529
6730,7530
6731,7531
6732,7532
6733,7533
6733,7534
6734,7535
6734,7536
6734,7537
6734,7538
6735,7539
6736,7540
6736,7541
6736,7542
6737,7543
6738,7544
6739,7545
6740,7546
6741,7547
6741,7548
6741,7549
6742,7550
6743,7551
6744,7552
6745,7553
6746,7554
6747,7555
6748,7556
6750,7557
6750,7558
6750,7559
6751,7560
6752,7561
6753,7562
6753,7563
6754,7564
6755,7565
6755,7566
6756,7567
6757,7568
6758,7569
6759,7570
6759,7571
6759,7572
6760,7573
6761,7574
6761,7575
6761,7576
6761,7577
6762,7578
6763,7579
6764,7580
6765,7581
6766,7582
6767,7583
6767,7584
6767,7585
6767,7586
6768,7587
6768,7588
6768,7589
6768,7590
6769,7591
6769,7592
6769,7593
6770,7594
6770,7595
6770,7596
6771,7597
6771,7598
6771,7599
6772,7600
6772,7601
6772,7602
6773,7603
6773,7604
6773,7605
6774,7606
6774,7607
6775,7608
6777,7609
6777,7610
6778,7611
6779,7612
6779,7613
6779,7614
6780,7615
6781,7616
6782,7617
6783,7618
6784,7619
6787,7620
6787,7621
6787,7622
6787,7623
6787,7624
6788,7625
6789,7626
6791,7627
6792,7628
6793,7629
6794,7630
6795,7631
6796,7632
6797,7633
6798,7634
6798,7635
6798,7636
6800,7637
6802,7638
6802,7639
6802,7640
6802,7641
6802,7642
6803,7643
6804,7644
6805,7645
6806,7646
6807,7647
6808,7648
6809,7649
6810,7650
6811,7651
6812,7652
6813,7653
6814,7654
6814,7655
6814,7656
6815,7657
6815,7658
6816,7659
6816,7660
6816,7661
6816,7662
6817,7663
6820,7664
6820,7665
6821,7666
6821,7667
6821,7668
6822,7669
6823,7670
6824,7671
6825,7672
6826,7673
6827,7674
6828,7675
6828,7676
6828,7677
6831,7678
6832,7679
6832,7680
6832,7681
6833,7682
6833,7683
6833,7684
6833,7685
6834,7686
6834,7687
6835,7688
6836,7689
6837,7690
6838,7691
6838,7692
6839,7693
6840,7694
6840,7695
6840,7696
6841,7697
6842,7698
6843,7699
6844,7700
6845,7701
6846,7702
6846,7703
6846,7704
6847,7705
6847,7706
6847,7707
6847,7708
6848,7709
6848,7710
6849,7711
6849,7712
6849,7713
6850,7714
6850,7715
6850,7716
6850,7717
6851,7718
6852,7719
6852,7720
6853,7721
6854,7722
6855,7723
6856,7724
6857,7725
6858,7726
6858,7727
6858,7728
6859,7729
6859,7730
6859,7731
6859,7732
6860,7733
6861,7734
6862,7735
6862,7736
6862,7737
6863,7738
6863,7739
6864,7740
6864,7741
6865,7742
6865,7743
6866,7744
6866,7745
6867,7746
6867,7747
6867,7748
6868,7749
6868,7750
6868,7751
6869,7752
6869,7753
6869,7754
6870,7755
6871,7756
6873,7757
6874,7758
6875,7759
6876,7760
6877,7761
6878,7762
6879,7763
6880,7764
6881,7765
6882,7766
6883,7767
6883,7768
6884,7769
6884,7770
6884,7771
6885,7772
6885,7773
6885,7774
6886,7775
6886,7776
6886,7777
6887,7778
6887,7779
6887,7780
6888,7781
6888,7782
6888,7783
6889,7784
6889,7785
6889,7786
6890,7787
6891,7788
6892,7789
6893,7790
6894,7791
6895,7792
6896,7793
6897,7794
6897,7795
6898,7796
6898,7797
6899,7798
6899,7799
6899,7800
6900,7801
6900,7802
6900,7803
6900,7804
6901,7805
6901,7806
6901,7807
6902,7808
6903,7809
6903,7810
6904,7811
6905,7812
6906,7813
6907,7814
6907,7815
6908,7816
6908,7817
6909,7818
6909,7819
6910,7820
6910,7821
6912,7824
6912,7825
6912,7826
6913,7827
6913,7828
6913,7829
6914,7830
6914,7831
6915,7832
6916,7833
6917,7834
6918,7835
6919,7836
6920,7837
6920,7838
6920,7839
6920,7840
6921,7841
6922,7842
6922,7843
6923,7844
6923,7845
6924,7846
6924,7847
6925,7848
6925,7849
6926,7850
6926,7851
6931,7852
6932,7853
6933,7854
6933,7855
6933,7856
6933,7857
6934,7858
6935,7859
6936,7860
6937,7861
6938,7862
6938,7863
6938,7864
6939,7865
6939,7866
6939,7867
6940,7868
6940,7869
6941,7870
6941,7871
6943,7874
6943,7875
6943,7876
6943,7877
6944,7878
6944,7879
6944,7880
6945,7881
6945,7882
6945,7883
6945,7884
6946,7885
6946,7886
6946,7887
6946,7888
6947,7889
6947,7890
6947,7891
6947,7892
6948,7893
6949,7894
6950,7895
6952,7896
6953,7897
6953,7898
6953,7899
6953,7900
6954,7901
6955,7902
6955,7903
6955,7904
6955,7905
6956,7906
6956,7907
6956,7908
6956,7909
6957,7910
6958,7911
6958,7912
6958,7913
6959,7914
6959,7915
6960,7916
6960,7917
6961,7918
6961,7919
6961,7920
6961,7921
6962,7922
6962,7923
6963,7924
6963,7925
6963,7926
6964,7927
6964,7928
6965,7929
6965,7930
6966,7931
6966,7932
6966,7933
6967,7934
6967,7935
6967,7936
6969,7941
6970,7942
6971,7943
6971,7944
6971,7945
6971,7946
6973,7947
6975,7950
6975,7951
6975,7952
6975,7953
6975,7954
6976,7955
6976,7956
6976,7957
6976,7958
6976,7959
6976,7960
6976,7961
6977,7962
6977,7963
6977,7964
6977,7965
6977,7966
6978,7967
6978,7968
6978,7969
6978,7970
6978,7971
6979,7972
6979,7973
6980,7974
6980,7975
6980,7976
6980,7977
6980,7978
6981,7979
6981,7980
6981,7981
6982,7982
6982,7983
6982,7984
6982,7985
6983,7986
6983,7987
6983,7988
6983,7989
6984,7990
6984,7991
6984,7992
6984,7993
6985,7994
6985,7995
6985,7996
6986,7997
6986,7998
6986,7999
6986,8000
6987,8001
6987,8002
6988,8003
6989,8004
6990,8005
6991,8006
6991,8007
6991,8008
6991,8009
6992,8010
6993,8011
6996,8019
6996,8020
6997,8021
6997,8022
7003,8033
7003,8034
7003,8035
7005,8037
7005,8038
7005,8039
7007,8040
7008,8041
7008,8042
7009,8043
7009,8044
7009,8045
7010,8046
7011,8047
7011,8048
7011,8049
7012,8050
7013,8051
7015,8053
7016,8054
7017,8055
7018,8056
7019,8057
7019,8058
7019,8059
7019,8060
7020,8061
7021,8062
7022,8063
7025,8067
7026,8068
7026,8069
7026,8070
7026,8071
7027,8072
7028,8073
7028,8074
7028,8075
7037,8092
7037,8093
7037,8094
7037,8095
7037,8096
7037,8097
7038,8098
7038,8099
7038,8100
7038,8101
7038,8102
7038,8103
7039,8104
7039,8105
7039,8106
7040,8107
7040,8108
7041,8109
7041,8110
7041,8111
7041,8112
7042,8113
7042,8114
7042,8115
7042,8116
7043,8117
7043,8118
7043,8119
7044,8120
7044,8121
7044,8122
7045,8123
7045,8124
7045,8125
7046,8126
7046,8127
7046,8128
7047,8129
7048,8130
7049,8131
7050,8132
7051,8133
7051,8134
7051,8135
7052,8136
7052,8137
7053,8138
7054,8139
7055,8140
7055,8141
7055,8142
7056,8143
7057,8144
7058,8145
7059,8146
7060,8147
7060,8148
7060,8149
7061,8150
7062,8151
7062,8152
7062,8153
7062,8154
7063,8155
7063,8156
7063,8157
7064,8158
7065,8159
7065,8160
7065,8161
7065,8162
7067,8163
7067,8164
7067,8165
7067,8166
7067,8167
7069,8168
7069,8169
7070,8170
7070,8171
7070,8172
7070,8173
7071,8174
7071,8175
7071,8176
7071,8177
7072,8178
7072,8179
7072,8180
7072,8181
7074,8182
7074,8183
7074,8184
7074,8185
7074,8186
7074,8187
7075,8188
7075,8189
7075,8190
7075,8191
7076,8192
7077,8193
7078,8194
7079,8195
7079,8196
7079,8197
7079,8198
7080,8199
7081,8200
7082,8201
7083,8202
7084,8203
7085,8204
7085,8205
7085,8206
7086,8207
7087,8208
7088,8209
7088,8210
7088,8211
7088,8212
7089,8213
7089,8214
7089,8215
7089,8216
7090,8217
7090,8218
7090,8219
7090,8220
7091,8221
7091,8222
7091,8223
7091,8224
7091,8225
7092,8226
7092,8227
7092,8228
7092,8229
7093,8230
7093,8231
7093,8232
7093,8233
7093,8234
7093,8235
7094,8236
7094,8237
7094,8238
7094,8239
7094,8240
7094,8241
7095,8242
7096,8243
7096,8244
7096,8245
7096,8246
7097,8247
7097,8248
7097,8249
7097,8250
7098,8251
7099,8252
7100,8253
7102,8255
7102,8256
7102,8257
7103,8258
7103,8259
7104,8260
7104,8261
7104,8262
7104,8263
7105,8264
7106,8265
7106,8266
7107,8267
7107,8268
7107,8269
7107,8270
7107,8271
7108,8272
7108,8273
7108,8274
7108,8275
7108,8276
7109,8277
7109,8278
7109,8279
7110,8280
7110,8281
7110,8282
7110,8283
7111,8284
7111,8285
7111,8286
7112,8287
7112,8288
7112,8289
7112,8290
7113,8291
7113,8292
7113,8293
7113,8294
7114,8295
7115,8296
7115,8297
7116,8298
7116,8299
7116,8300
7116,8301
7117,8302
7117,8303
7117,8304
7118,8305
7118,8306
7119,8307
7119,8308
7119,8309
7119,8310
7120,8311
7120,8312
7120,8313
7120,8314
7120,8315
7121,8316
7121,8317
7121,8318
7121,8319
7121,8320
7122,8321
7123,8322
7123,8323
7123,8324
7123,8325
7124,8326
7124,8327
7124,8328
7124,8329
7124,8330
7125,8331
7125,8332
7125,8333
7125,8334
7125,8335
7126,8336
7126,8337
7126,8338
7126,8339
7126,8340
7127,8341
7127,8342
7127,8343
7127,8344
7127,8345
7128,8346
7128,8347
7128,8348
7128,8349
7128,8350
7129,8351
7129,8352
7129,8353
7129,8354
7129,8355
7130,8356
7131,8357
7132,8358
7133,8359
7134,8360
7135,8361
7136,8362
7136,8363
7137,8364
7138,8365
7139,8366
7139,8367
7140,8368
7141,8369
7142,8370
7143,8371
7144,8372
7145,8373
7146,8374
7147,8375
7147,8376
7148,8377
7149,8378
7149,8379
7150,8380
7150,8381
7151,8382
7152,8383
7153,8384
7153,8385
7154,8386
7154,8387
7154,8388
7154,8389
7154,8390
7155,8391
7156,8392
7157,8393
7158,8394
7158,8395
7158,8396
7158,8397
7159,8398
7159,8399
7159,8400
7159,8401
7160,8402
7160,8403
7160,8404
7160,8405
7161,8406
7162,8407
7162,8408
7162,8409
7162,8410
7163,8411
7164,8412
7165,8413
7165,8414
7165,8415
7165,8416
7166,8417
7166,8418
7167,8419
7168,8420
7168,8421
7168,8422
7168,8423
7169,8424
7169,8425
7170,8426
7170,8427
7170,8428
7171,8429
7171,8430
7171,8431
7171,8432
7171,8433
7172,8434
7172,8435
7172,8436
7172,8437
7172,8438
7173,8439
7173,8440
7174,8441
7175,8442
7176,8443
7176,8444
7177,8445
7177,8446
7177,8447
7177,8448
7178,8449
7178,8450
7178,8451
7178,8452
7179,8453
7180,8454
7181,8455
7181,8456
7181,8457
7182,8458
7182,8459
7182,8460
7182,8461
7182,8462
7183,8463
7184,8464
7184,8465
7184,8466
7184,8467
7184,8468
7185,8469
7185,8470
7185,8471
7185,8472
7185,8473
7186,8474
7186,8475
7186,8476
7186,8477
7188,8478
7188,8479
7188,8480
7188,8481
7189,8482
7189,8483
7189,8484
7189,8485
7190,8486
7190,8487
7190,8488
7190,8489
7191,8490
7191,8491
7192,8492
7194,8493
7194,8494
7194,8495
7195,8496
7196,8497
7197,8498
7198,8499
7199,8500
7200,8501
7201,8502
7202,8503
7203,8504
7204,8505
7204,8506
7204,8507
7205,8508
7205,8509
7206,8510
7206,8511
7207,8512
7207,8513
7207,8514
7207,8515
7207,8516
7208,8517
7209,8518
7210,8519
7211,8520
7212,8521
7213,8522
7213,8523
7214,8524
7215,8525
7216,8526
7216,8527
7216,8528
7216,8529
7217,8530
7218,8531
7218,8532
7219,8533
7220,8534
7220,8535
7220,8536
7220,8537
7220,8538
7221,8539
7221,8540
7221,8541
7221,8542
7221,8543
7222,8544
7222,8545
7222,8546
7222,8547
7223,8548
7224,8549
7225,8550
7225,8551
7226,8552
7226,8553
7226,8554
7227,8555
7228,8556
7229,8557
7229,8558
7230,8559
7230,8560
7230,8561
7231,8562
7231,8563
7232,8564
7233,8565
7234,8566
7235,8567
7236,8568
7236,8569
7237,8570
7238,8571
7238,8572
7238,8573
7238,8574
7239,8575
7240,8576
7240,8577
7240,8578
7241,8579
7241,8580
7241,8581
7241,8582
7242,8583
7242,8584
7242,8585
7242,8586
7243,8587
7243,8588
7243,8589
7243,8590
7243,8591
7244,8592
7244,8593
7245,8594
7246,8595
7247,8596
7247,8597
7247,8598
7247,8599
7248,8600
7248,8601
7248,8602
7248,8603
7249,8604
7250,8605
7251,8606
7252,8607
7252,8608
7252,8609
7253,8610
7253,8611
7253,8612
7254,8613
7255,8614
7256,8615
7257,8616
7257,8617
7258,8618
7258,8619
7259,8620
7259,8621
7259,8622
7259,8623
7259,8624
7260,8625
7260,8626
7260,8627
7261,8628
7261,8629
7261,8630
7262,8631
7263,8632
7264,8633
7265,8634
7265,8635
7265,8636
7266,8637
7267,8638
7267,8639
7267,8640
7268,8641
7268,8642
7269,8643
7270,8644
7271,8645
7272,8646
7273,8647
7274,8648
7274,8649
7275,8650
7275,8651
7275,8652
7275,8653
7276,8654
7277,8655
7277,8656
7278,8657
7278,8658
7278,8659
7278,8660
7279,8661
7280,8662
7281,8663
7282,8664
7282,8665
7282,8666
7282,8667
7282,8668
7283,8669
7283,8670
7283,8671
7283,8672
7284,8673
7284,8674
7285,8675
7286,8676
7286,8677
7286,8678
7287,8679
7287,8680
7287,8681
7287,8682
7288,8683
7288,8684
7288,8685
7288,8686
7289,8687
7290,8688
7291,8689
7292,8690
7293,8691
7294,8692
7295,8693
7296,8694
7297,8695
7297,8696
7298,8697
7298,8698
7299,8699
7299,8700
7300,8701
7300,8702
7301,8703
7302,8704
7303,8705
7303,8706
7303,8707
7304,8708
7304,8709
7304,8710
7304,8711
7304,8712
7305,8713
7305,8714
7306,8715
7306,8716
7306,8717
7307,8718
7307,8719
7307,8720
7308,8721
7308,8722
7308,8723
7308,8724
7309,8725
7310,8726
7310,8727
7310,8728
7311,8729
7311,8730
7311,8731
7312,8732
7313,8733
7314,8734
7315,8735
7316,8736
7317,8737
7318,8738
7319,8739
7319,8740
7319,8741
7319,8742
7320,8743
7321,8744
7322,8745
7323,8746
7324,8747
7325,8748
7326,8749
7327,8750
7328,8751
7329,8752
7329,8753
7329,8754
7330,8755
7330,8756
7330,8757
7331,8758
7331,8759
7331,8760
7332,8761
7332,8762
7333,8763
7334,8764
7335,8765
7336,8766
7337,8767
7338,8768
7339,8769
7340,8770
7341,8771
7341,8772
7341,8773
7341,8774
7342,8775
7342,8776
7342,8777
7343,8778
7343,8779
7343,8780
7343,8781
7344,8782
7345,8783
7346,8784
7346,8785
7346,8786
7346,8787
7346,8788
7347,8789
7347,8790
7347,8791
7348,8792
7348,8793
7348,8794
7350,8795
7350,8796
7350,8797
7350,8798
7351,8799
7352,8800
7353,8801
7355,8802
7355,8803
7355,8804
7356,8805
7357,8806
7358,8807
7358,8808
7358,8809
7358,8810
7359,8811
7360,8812
7361,8813
7362,8814
7362,8815
7362,8816
7363,8817
7363,8818
7364,8819
7365,8820
7366,8821
7366,8822
7366,8823
7366,8824
7366,8825
7366,8826
7367,8827
7367,8828
7368,8829
7368,8830
7368,8831
7369,8832
7369,8833
7369,8834
7369,8835
7370,8836
7370,8837
7370,8838
7370,8839
7371,8840
7371,8841
7372,8842
7373,8843
7374,8844
7374,8845
7374,8846
7374,8847
7375,8848
7376,8849
7376,8850
7376,8851
7376,8852
7377,8853
7378,8854
7378,8855
7378,8856
7378,8857
7378,8858
7379,8859
7379,8860
7380,8861
7380,8862
7380,8863
7380,8864
7380,8865
7380,8866
7382,8870
7382,8871
7382,8872
7383,8873
7383,8874
7383,8875
7384,8876
7384,8877
7384,8878
7386,8879
7386,8880
7386,8881
7387,8882
7387,8883
7387,8884
7387,8885
7388,8886
7388,8887
7388,8888
7388,8889
7389,8890
7389,8891
7389,8892
7391,8893
7392,8894
7392,8895
7392,8896
7393,8897
7393,8898
7393,8899
7394,8900
7395,8901
7396,8902
7397,8903
7398,8904
7399,8905
7400,8906
7401,8907
7402,8908
7403,8909
7403,8910
7403,8911
7404,8912
7405,8913
7405,8914
7406,8915
7407,8916
7407,8917
7407,8918
7408,8919
7409,8920
7410,8921
7411,8922
7412,8923
7413,8924
7414,8925
7415,8926
7416,8927
7417,8928
7418,8929
7419,8930
7420,8931
7421,8932
7421,8933
7421,8934
7422,8935
7422,8936
7422,8937
7422,8938
7423,8939
7424,8940
7425,8941
7426,8942
7427,8943
