ID,DATA,DOCUMENTO,MOVIMENTO,EXTRATO_DESCRICAO_ID
6,2017-11-14,463778,15.00,15
8,2017-11-01,131278,7.50,3
9,2017-11-01,322078,7.00,3
10,2017-11-01,021278,46.10,16
12,2017-11-03,084278,18.50,17
13,2017-11-03,210478,7.90,18
14,2017-11-03,27217,44.00,19
15,2017-11-03,302278,2.00,20
16,2017-11-03,444878,16.00,19
17,2017-11-03,152378,14.90,21
18,2017-11-03,390578,42.00,22
19,2017-11-04,240878,33.50,23
20,2017-11-04,104778,24.15,14
21,2017-11-04,504178,38.00,24
22,2017-11-08,590078,78.13,11
23,2017-11-08,404678,26.90,25
24,2017-11-10,455278,50.00,26
25,2017-11-13,233778,20.00,27
26,2017-11-11,201378,9.30,28
27,2017-11-11,183878,31.98,14
28,2017-11-13,041678,15.00,15
29,2017-11-13,,744.00,29
30,2017-11-14,463778,15.00,15
31,2017-11-16,,15.00,30
32,2017-11-16,981654,182.51,31
33,2017-11-15,074378,19.75,32
34,2017-11-15,151178,4.75,32
35,2017-11-15,414678,59.99,33
36,2017-11-15,073778,35.44,34
37,2017-11-15,202578,21.00,35
38,2017-11-15,195378,27.90,36
39,2017-11-16,504578,15.00,15
40,2017-11-16,202878,12.32,37
41,2017-11-16,,29.75,9
42,2017-11-16,,15.00,30
43,2017-11-17,,74.40,38
44,2017-11-17,600505,300.00,4
45,2017-11-17,706400,600.00,4
46,2017-11-17,104278,26.40,39
47,2017-11-17,155678,22.50,40
48,2017-11-17,053578,5.00,2
49,2017-11-17,270378,26.66,41
50,2017-11-20,141778,14.00,15
51,2017-11-20,230178,42.85,11
52,2017-11-21,433578,13.00,15
53,2017-11-22,163678,21.00,42
54,2017-11-23,442678,13.00,15
55,2017-11-24,070478,44.88,37
56,2017-11-24,523178,16.50,42
57,2017-11-25,340878,35.00,43
58,2017-11-25,024778,7.40,44
59,2017-11-25,154378,60.00,10
60,2017-11-25,183078,2.50,10
61,2017-11-25,395278,27.30,45
62,2017-11-27,,44.10,46
63,2017-11-23,,4.70,1
64,2017-11-27,373478,13.00,15
65,2017-11-27,,43.90,38
66,2017-11-27,,39.99,12
67,2017-11-27,,39.99,12
68,2017-11-27,202738,233.51,47
69,2017-11-27,202929,396.91,48
70,2017-11-27,,82.29,12
71,2017-11-27,,15.00,30
72,2017-11-28,150378,13.00,15
73,2017-11-28,151278,94.16,49
74,2017-11-29,141978,13.00,15
75,2017-11-30,075678,57.86,50
76,2017-11-30,224178,60.00,51
77,2017-11-30,353178,25.50,42
78,2017-11-30,,15.00,30
80,2017-12-30,563478,31.80,45
81,2018-01-01,581878,47.00,52
82,2018-01-02,311978,25.00,53
83,2018-01-02,290678,5.40,54
84,2018-01-02,534378,29.79,11
85,2018-01-03,284878,15.00,15
86,2018-01-03,195078,94.16,49
87,2018-01-04,271878,15.00,15
88,2018-01-04,443678,107.00,55
89,2018-01-05,,290.94,56
90,2018-01-05,354678,30.00,57
91,2018-01-05,121478,57.00,58
92,2018-01-05,505878,34.00,7
93,2018-01-06,514078,34.30,14
94,2018-01-07,162478,70.30,60
95,2018-01-07,311078,54.96,14
96,2018-01-07,532878,20.78,61
97,2018-01-08,155478,25.88,62
98,2018-01-08,422978,23.40,44
99,2018-01-08,092278,28.50,57
100,2018-01-08,654474,260.00,23
101,2018-01-14,080478,101.00,64
102,2018-01-15,659730,709.00,29
103,2018-01-15,281578,13.17,14
104,2018-01-15,471378,41.95,14
105,2018-01-18,511978,53.08,11
106,2018-01-19,030878,25.50,65
107,2018-01-19,571478,5.00,65
108,2018-01-19,143678,12.00,65
109,2018-01-20,161378,9.00,2
110,2018-01-20,223178,7.25,66
111,2018-01-22,054278,34.80,67
112,2018-01-21,024378,8.20,54
113,2018-01-23,092978,57.45,14
114,2018-01-24,015578,40.00,68
115,2018-01-24,204678,13.50,69
116,2018-01-24,093578,19.90,44
117,2018-01-24,163278,48.50,24
118,2018-01-25,,44.10,70
119,2018-01-23,,4.80,1
120,2018-05-02,600276,200.00,4
124,2018-05-01,081878,2.50,72
125,2018-05-02,044478,50.00,10
126,2018-05-02,225578,17.50,3
128,2018-05-02,450778,10.00,3
129,2018-05-02,600505,100.00,4
130,2018-05-02,,0.01,6
131,2018-05-05,144078,30.00,73
132,2018-05-07,600505,50.00,4
133,2018-05-08,492678,29.99,74
135,2018-05-09,093778,54.95,11
138,0201-05-11,600505,30.00,4
139,2018-05-11,,314.60,38
140,0201-05-11,600505,30.00,4
141,2018-05-11,600505,30.00,4
142,2018-05-11,430678,25.24,45
143,2018-05-11,,0.02,6
144,2018-05-14,253978,57.00,60
145,2018-05-12,043478,39.86,76
146,0201-05-14,072178,13.00,15
147,2018-05-14,,743.50,29
148,2018-05-14,,0.03,6
149,2018-05-15,341278,20.00,5
150,2018-05-15,224845,600.00,77
151,2018-05-15,415878,6.00,3
152,2018-05-16,010516,91.95,78
153,2018-05-16,294478,20.00,3
154,2018-05-16,452378,6.50,3
155,2018-05-17,263978,19.00,3
156,2018-05-18,071778,50.00,10
157,2018-05-18,180778,4.00,3
158,2018-05-19,403178,50.00,79
159,2018-05-23,213878,23.40,3
160,2018-05-23,003278,38.00,80
161,2018-05-24,192478,12.50,3
162,2018-05-24,172078,80.00,81
163,2018-05-24,600505,160.00,4
164,2018-05-25,,44.10,8
165,2018-05-23,,4.80,1
166,2018-05-25, ,2898.28,82
167,2018-05-25,344878,7.50,3
168,2018-05-25,,59.99,12
169,2018-05-25,,40.71,9
170,2018-05-25,,5.50,38
171,2018-05-25, ,119.99,83
172,2018-05-25,,874.44,29
173,2018-05-25,225434,36.63,29
174,2018-05-26,302278,13.00,15
175,2017-06-26,401678,20.00,84
176,2018-06-26,441787,16.40,85
177,2018-06-26,004978,8.00,86
178,2018-06-26,244378,53.30,87
179,2018-05-27,301078,46.72,11
180,2018-05-27,121678,29.58,88
181,2018-05-28,130178,12.50,3
182,2018-05-29,211178,20.00,3
183,2018-05-29,061878,8.50,3
184,2018-05-29,293578,23.50,15
185,2018-05-30,473278,12.50,3
186,2018-05-30,573978,17.00,15
187,2018-04-02,254378,18.90,89
188,2018-03-30,192378,47.00,90
189,2018-03-31,355378,100.00,91
190,2018-03-31,253978,89.80,92
191,2018-03-31,511378,26.80,69
192,2018-03-31,444378,50.00,10
193,2018-04-02,211678,13.00,15
194,2018-04-02,564078,8.00,3
195,2018-04-02,,0.03,93
196,2018-04-02,,0.03,6
197,2018-04-04,600505,100.00,4
198,2018-04-04,,0.01,6
199,2018-04-04,,290.90,56
200,2018-04-05,075878,24.00,74
201,2018-04-05,,0.03,6
202,2018-04-06,,260.00,38
203,2018-04-06,253078,40.00,13
204,2018-04-05,211678,13.00,95
205,2018-04-05,,0.04,6
206,2018-04-07,285578,51.40,96
207,2018-04-27,413978,3.00,3
208,2018-04-27,591278,12.50,3
209,2018-04-07,394378,52.00,97
210,2018-04-28,585078,50.00,98
211,2018-04-28,170178,18.64,14
212,2018-04-28,520278,124.30,99
213,2018-04-29,142378,90.32,76
214,2018-04-29,024978,18.07,14
215,2018-04-07,554678,37.82,14
216,2018-04-07,425878,49.00,24
217,2018-04-08,435178,12.25,76
218,2018-04-08,574578,14.99,14
219,2018-04-08,835622,600.00,77
220,2018-04-10,190278,47.70,11
221,2018-04-10,242178,25.00,100
222,2018-04-13,652786,743.50,29
223,2018-04-13,284778,16.90,101
224,2018-04-13,,16.90,6
225,2018-04-14,923180,61.68,14
226,2018-04-14,2844878,50.00,10
227,2018-04-14,,0.11,6
228,2018-04-17,343978,13.00,15
229,2018-04-20,395778,40.00,13
230,2018-04-21,142978,33.70,69
231,2018-04-21,451578,43.00,68
232,2018-04-22,014678,16.07,14
233,2018-04-23,102478,50.00,13
234,2018-04-22,600276,400.00,4
235,2018-04-23,,0.03,6
236,2018-04-24,261978,120.00,102
237,2018-04-24,101878,16.00,14
238,2018-04-24,422278,9.50,3
239,2018-04-24,571878,15.94,11
240,2018-04-24,,0.01,6
241,2018-04-25,,44.10,8
242,2018-04-23,,4.80,1
243,2018-04-25,,2628.36,82
244,2018-04-25,221878,24.50,3
245,2018-04-25,201678,5.00,3
246,2018-04-25,,44.99,12
247,2018-04-25,,5.50,38
248,2018-04-25,,29.35,9
249,2018-04-25,,119.99,83
250,2018-04-25,191948,34.63,48
251,2018-04-25,192844,608.11,48
252,2018-04-26,172578,18.50,3
253,2018-04-26,011478,4.30,3
254,2018-04-26,210678,4.98,104
255,2018-03-01,,0.16,93
256,2018-03-01,,3.78,93
257,2018-03-02,600505,40.00,4
258,2018-03-02,600505,200.00,4
259,2018-03-02,192778,126.49,105
260,2018-03-02,560578,5.98,106
261,2018-03-02,,0.02,6
262,2018-03-05,074678,15.50,107
263,2018-03-04,352878,19.90,24
264,2018-03-05,,290.94,56
265,2018-03-05,,0.01,6
266,2018-03-06,202778,51.30,11
267,2018-03-07,575578,28.90,100
268,2018-03-07,,260.00,63
269,2018-03-07,,0.01,6
270,2018-03-09,241878,10.00,108
271,2018-03-09,042278,34.00,97
272,2018-03-10,52278,24.50,96
273,2018-03-10,330678,13.64,14
274,2018-03-10,521678,107.25,14
275,2018-03-12,433178,12.00,3
276,2018-03-12,,0.01,6
277,2018-03-13,,709.00,63
278,2018-03-13,,0.04,6
279,2018-03-14,212178,24.00,3
280,2018-03-14,720683,600.00,77
281,2018-03-14,720683,3463.33,77
282,2018-03-14,440678,12.20,3
283,2018-03-15,275478,20.42,49
284,2018-03-15,543278,17.00,109
285,2018-03-16,400678,50.00,3
286,2018-03-16,560378,21.00,4
287,2018-03-16,560378,21.00,97
288,2018-03-17,214278,60.00,79
289,2018-03-20,325178,13.00,15
290,2018-03-20,063378,11.50,3
291,2018-03-20,,28.45,9
292,2018-03-21,191878,18.50,3
293,2018-03-22,123678,23.00,3
294,2018-03-22,253678,21.50,109
295,2018-03-23,461278,5.50,3
296,2018-03-23,575978,7.50,3
297,2018-03-23,295378,40.00,13
298,2018-03-23,313078,29.80,45
299,2018-03-23,323878,5.34,45
300,2018-03-23,562878,33.00,76
301,2018-03-24,100778,45.00,110
302,2018-03-24,432278,53.00,10
303,2018-03-24,344278,22.00,97
304,2018-03-25,571378,30.88,14
305,2018-03-25,,44.10,8
306,2018-03-26,364478,13.00,15
307,2018-03-26,,5.50,38
308,2018-03-26,,119.99,83
309,2018-03-26,200726,34.63,48
310,2018-03-26,200842,391.32,48
311,2018-03-26,,59.88,12
312,2018-03-26,,44.99,12
313,2018-03-26,,0.03,6
314,2018-03-27,,4.80,1
315,2018-03-27,190978,25.00,3
316,2018-03-27,323878,8.00,3
317,2018-03-28,192078,21.50,3
318,2018-01-29,,32.44,9
319,2018-01-29,,39.99,12
320,2018-01-29,,43.90,38
321,2018-01-29,,260.00,38
322,2018-01-28,151178,23.00,111
323,2018-01-29,531778,13.00,15
324,2018-01-29,204378,75.57,11
325,2018-01-29,305278,5.50,3
326,2018-01-30,201778,16.80,3
327,2018-01-31,185678,17.50,3
328,2018-01-25,001078,31.55,7
329,2018-01-25,,2674.19,82
330,2018-01-25,,594.55,112
331,2018-01-25,,119.99,83
332,2018-01-25,,54.99,12
333,2018-01-26,005278,27.93,113
334,2018-01-26,,0.01,6
335,2018-01-27,230778,50.00,10
336,2018-01-27,591178,15.50,69
337,2018-01-27,290678,55.80,103
338,2018-01-27,331678,18.13,41
339,2018-01-27,295878,45.00,77
340,2018-01-27,202078,38.40,115
341,2018-01-27,014078,12.00,116
342,2018-01-27,210378,27.90,77
343,2018-01-27,263778,24.49,34
344,2018-01-27,161478,7.98,118
345,2018-01-27,463178,22.95,119
346,2018-02-01,074178,13.00,15
347,2018-02-01,,317.20,38
348,2018-02-01,,0.01,6
349,2018-02-02,461078,82.00,120
350,2018-02-03,593776,40.00,26
351,2018-02-03,591278,28.97,14
352,2018-02-03,242278,67.50,113
353,2018-02-04,322478,36.00,24
354,2018-02-04,,290.94,56
355,2018-02-04,,0.01,6
356,2018-02-06,303278,13.00,121
357,2018-02-07,520778,12.99,11
358,2018-02-09,210378,4.75,58
359,2018-02-10,032478,21.00,97
360,2018-02-09,210378,4.75,58
361,2018-02-10,094278,69.67,14
362,2018-02-10,23278,40.00,122
363,2018-02-11,060078,100.00,123
364,2018-02-11,140378,24.00,124
365,2018-02-13,050378,79.43,77
366,2018-02-13,065578,250.00,126
367,2018-02-13,211678,22.00,126
368,2018-02-13,513178,4.00,127
369,2018-02-13,2614178,6.00,126
370,2018-02-13,572978,36.50,128
371,2018-02-13,210578,19.00,129
372,2018-02-13,032378,18.00,126
373,2018-02-13,584578,44.00,79
374,2018-02-13,,709.00,29
375,2018-02-13,,17.16,9
376,2018-02-13,,0.04,6
377,2018-02-16,903050,600.00,77
378,2018-02-16,520747,1100.00,130
379,2018-02-16,495378,25.50,65
380,2018-02-16,085478,29.00,65
381,2018-02-17,233578,7.50,39
382,2018-02-19,280178,15.00,15
383,2018-02-20,540978,43.30,100
384,2018-02-21,224778,18.00,3
385,2018-02-22,345278,22.00,94
386,2018-02-23,120078,7.00,3
387,2018-02-23,274578,4.00,3
388,2018-02-23,273378,50.00,100
389,2018-02-23,273378,40.00,97
390,2018-02-24,234278,19.36,14
391,2018-02-24,183378,45.00,79
392,2018-02-24,493278,7.98,14
393,2018-02-23,,44.10,131
394,2018-02-26,031178,40.00,10
395,2018-02-25,052478,63.57,49
396,2018-02-26,063678,13.00,121
397,2018-02-26,,2674.19,82
398,2018-02-26,070178,3.00,3
399,2018-02-26,,119.99,83
400,2018-02-26,,7.72,38
401,2018-02-26,182507,34.63,29
402,2018-02-26,182624,476.23,29
403,2018-02-26,190321,135.00,132
404,2018-02-23,,4.80,1
405,2018-02-27,341678,13.00,121
406,2018-02-27,491078,12.00,3
407,2018-02-27,,40.52,12
408,2018-02-27,,0.01,6
409,2018-02-28,281878,27.70,3
410,2017-12-01,244478,34.50,133
411,2017-12-01,374878,8.00,97
412,2017-12-01,582978,32.00,7
413,2017-12-01,,15.00,12
414,2017-12-08,371178,33.90,134
415,2017-12-09,281778,56.00,135
416,2017-12-09,565478,44.03,11
417,2017-12-09,565215,600.00,77
418,2017-12-13,,744.00,29
419,2017-12-13,,0.06,6
420,2017-12-15,433878,81.00,136
421,2017-12-15,371378,68.30,137
422,2017-12-15,015478,9.40,98
423,2017-12-15,,0.01,6
424,2017-12-16,561078,23.55,14
425,2017-12-16,063578,91.15,14
426,2017-12-16,202178,4.20,54
427,2017-12-18,241178,56.34,139
428,2017-12-18,461378,34.90,140
429,2017-12-19,,0.03,6
430,2017-12-19,220878,13.00,15
431,2017-12-20,,1148.97,82
432,2017-12-21,,15.00,30
433,2017-12-21,383978,16.00,84
434,2017-12-21,541178,17.50,84
435,2017-12-21,274678,10.00,86
436,2017-12-21,,0.01,6
437,2017-12-22,143878,40.00,13
438,2017-12-22,600505,30.00,4
439,2017-12-22,230778,42.00,97
440,2017-12-22,,0.02,6
441,2017-12-23,259305,35.00,141
442,2017-12-23,061578,70.00,10
443,2017-12-23,,44.10,8
444,2017-12-26,,2674.19,82
445,2017-12-26,,39.99,12
446,2017-12-26,,39.99,12
447,2017-12-26,,43.90,63
448,2017-12-26,194904,114.51,48
449,2017-12-26,195125,437.19,48
450,2017-12-26,,104.12,142
451,2017-12-26,,787.01,143
452,2017-12-26,,119.99,83
453,2017-12-26,,38.66,9
454,2017-12-27,060778,132.00,10
455,2017-12-27,,0.03,6
456,2017-12-26,,4.70,1
457,2017-12-28,394778,25.90,144
458,2017-12-28,,0.07,6
459,2017-12-29,532278,15.50,15
460,2017-12-29,23278,10.00,108
461,2017-12-30,042678,26.00,97
462,2017-09-30,204878,13.77,14
463,2017-09-30,265878,41.15,14
464,2017-10-04,263978,132.40,49
465,2017-10-04,571078,63.41,139
466,2017-10-04,,0.03,6
467,2017-10-06,615955,250.00,29
468,2017-10-06,511678,70.00,13
469,2017-10-06,544978,45.90,146
470,2017-10-06,,0.03,6
471,2017-10-08,050478,40.00,24
472,2017-10-10,444678,20.00,147
473,2017-10-11,244878,60.00,148
474,2017-10-11,504378,30.00,13
475,2017-10-11,420778,38.00,24
476,2017-10-11,,0.01,6
477,2017-10-13,,744.00,29
478,2017-10-13,,0.07,6
479,2017-10-16,114278,72.31,11
480,2017-10-15,444678,5.00,2
481,2017-10-15,,0.01,6
482,2017-10-17,287025,600.00,77
483,2017-10-18,280978,35.07,11
484,2017-10-20,384378,30.00,13
485,2017-10-20,,0.01,6
486,2017-10-21,140578,42.04,11
487,2017-10-23,051678,60.00,10
488,2017-10-23,443378,61.22,11
489,2017-10-23,,0.04,6
490,2017-10-24,021578,14.00,3
491,2017-10-25,,44.10,8
492,2017-10-23,,4.70,1
493,2017-10-25,,2674.19,82
494,2017-10-25,225378,18.80,3
495,2017-10-25,,43.90,38
496,2017-10-25,193840,233.51,48
497,2017-10-25,194220,138.54,48
498,2017-10-25,,39.99,12
499,2017-10-25,,78.30,83
500,2017-10-25,,250.00,38
501,2017-10-25,284178,21.00,3
502,2017-10-25,,0.08,6
503,2017-10-27,331678,7.50,3
504,2017-10-27,120478,9.20,3
505,2017-10-27,699075,24.52,9
506,2017-10-27,603051,60.00,4
507,2017-10-28,062878,33.00,97
508,2017-10-28,005178,15.00,7
509,2017-10-28,391378,5.00,10
510,2017-10-28,600276,200.00,4
511,2017-10-30,234878,40.00,26
512,2017-10-30,210678,19.00,3
513,2017-10-30,452678,4.00,3
514,2017-10-30,462878,15.00,3
515,2017-10-30,,0.01,6
516,2017-10-30,182678,21.00,3
517,2017-10-31,562978,8.50,3
518,2017-10-31,394178,28.50,5
519,2017-08-07,401578,30.00,149
520,2017-08-05,173178,32.10,139
521,2017-08-05,,0.07,6
522,2017-08-10,550878,33.50,150
523,2017-08-10,,0.60,6
524,2017-08-11,,15.00,30
525,2017-08-11,600505,30.00,4
526,2017-08-11,151378,6.50,151
527,2017-08-11,352878,45.00,150
528,2017-08-13,411578,80.00,10
529,2017-08-13,600276,150.00,4
530,2017-08-14,041678,33.00,125
531,2017-08-14,609587,744.00,29
532,2017-08-14,832214,600.00,77
533,2017-08-14,,0.23,6
534,2017-08-15,600505,30.00,4
535,2017-08-15,600505,0.02,6
536,2017-08-16,,15.00,30
537,2017-08-16,,15.00,30
538,2017-08-16,,15.00,30
539,2017-08-16,,0.03,6
540,2017-08-17,231478,25.00,3
541,2017-08-17,170978,56.70,11
542,2017-08-17,,0.06,6
543,2017-08-18,222478,12.00,69
544,2017-08-18,372478,21.00,42
545,2017-08-18,574978,21.00,150
546,2017-08-18,125778,38.40,140
547,2017-08-18,,0.07,6
548,2017-08-21,085978,32.00,152
549,2017-08-19,062178,24.00,150
550,2017-08-20,235278,52.50,108
551,2017-08-20,245678,11.80,153
552,2017-08-21,142878,17.00,3
553,2017-08-21,555078,7.50,3
554,2017-08-21,,0.14,6
555,2017-08-22,161778,18.50,3
556,2017-08-22,013278,4.00,3
557,2017-08-22,,0.02,6
558,2017-08-23,160778,24.00,3
559,2017-08-23,023778,4.00,3
560,2017-08-23,,0.03,6
561,2017-08-24,223378,17.00,3
562,2017-08-24,344178,32.90,154
563,2017-08-24,,0.06,6
564,2017-08-25,,44.10,46
565,2017-08-23,,4.70,1
566,2017-08-23,651426,34.23,9
567,2017-08-23,651454,39.90,12
568,2017-08-23,651466,39.90,12
569,2017-08-23,,2674.19,82
570,2017-08-23,651483,92.99,63
571,2017-08-23,651503,78.30,83
572,2017-08-25,,233.51,112
573,2017-08-25,,179.51,112
574,2017-08-25,600505,50.00,4
575,2017-08-25,510078,23.00,155
576,2017-08-25,155078,10.50,3
577,2017-08-25,143478,16.00,156
578,2017-08-25,445878,50.00,108
579,2017-08-25,,0.79,6
580,2017-08-26,375278,32.36,14
581,2017-08-26,442978,33.00,125
582,2017-08-26,133078,40.00,150
583,2017-08-26,600276,300.00,4
584,2017-08-27,304678,69.30,150
585,2017-08-28,031078,50.00,10
586,2017-08-28,061078,13.50,3
587,2017-08-28,,0.04,6
588,2017-08-29,123978,22.00,3
589,2017-08-29,313378,7.00,3
590,2017-08-30,183778,21.50,3
591,2017-08-30,572678,5.00,3
592,2017-07-01,365574,25.00,157
593,2017-07-01,103978,3.99,77
594,2017-07-01,321774,30.00,149
595,2017-07-01,600505,50.00,4
596,2017-07-01,073274,47.00,24
597,2017-07-02,151274,60.00,10
598,2017-07-02,,0.76,93
599,2017-07-02,,0.03,6
600,2017-07-04,,1556.35,82
601,2017-07-05,204174,28.37,11
602,2017-07-05,,0.01,6
603,2017-07-07,261374,17.00,150
604,2017-07-10,015678,9.00,3
605,2017-07-10,636781,600.00,77
606,2017-07-11,222578,62.37,49
607,2017-07-11,,0.03,6
608,2017-07-12,192159,120.00,159
609,2017-07-13,,744.00,29
610,2017-07-13,,15.00,30
611,2017-07-13,391879,1500.00,160
612,2017-07-13,,0.94,6
613,2017-07-17,6002796,300.00,4
614,2017-07-17,302778,70.00,10
615,2017-07-17,,0.09,6
616,2017-07-18,081178,4.00,3
617,2017-07-18,230078,22.50,3
618,2017-07-18,,0.01,6
619,2017-07-19,211478,17.00,150
620,2017-07-19,471278,11.00,3
621,2017-07-19,,0.01,6
622,2017-07-20,224478,14.00,3
623,2017-07-20,072578,9.50,3
624,2017-07-20,483678,18.00,150
625,2017-07-20,,0.01,6
626,2017-07-21,513878,12.50,3
627,2017-07-21,025478,36.40,69
628,2017-07-21,,0.01,6
629,2017-07-22,543678,58.26,14
630,2017-07-22,171378,62.00,10
631,2017-07-22,033178,56.43,161
632,2017-07-22,225778,36.90,162
633,2017-07-24,540778,8.50,3
634,2017-07-24,502878,94.18,49
635,2017-07-24,,0.18,6
636,2017-07-25,,15.00,30
637,2017-07-25,,44.10,8
638,2017-07-25,,2630.86,82
639,2017-07-25,185178,17.00,3
640,2017-07-25,,31.15,9
641,2017-07-25,,39.90,12
642,2017-07-25,,39.90,12
643,2017-07-25,193010,508.36,47
644,2017-07-25,193040,6.50,48
645,2017-07-25,,78.30,83
646,2017-07-25,,250.00,38
647,2017-07-25,36078,23.00,163
648,2017-07-24,,4.70,8
649,2017-07-26,091778,16.50,3
650,2017-07-26,285878,41.25,11
651,2017-07-26,,0.05,6
652,2017-07-27,231578,24.00,3
653,2017-07-28,,0.02,6
654,2017-07-28,600505,50.00,4
655,2017-07-28,211378,51.67,11
656,2017-07-28,,0.09,6
657,2017-07-31,274478,43.00,150
658,2017-07-30,351278,54.70,162
659,2017-07-30,483078,8.50,164
660,2017-07-31,454078,34.80,89
661,2017-07-31,552578,36.00,165
662,2017-07-31,095278,34.29,14
663,2017-07-31,182478,116.00,10
664,2017-07-31,495178,39.00,79
665,2017-07-31,,0.34,6
666,2017-09-01,320578,4.00,3
667,2017-09-01,591378,25.50,65
668,2017-09-01,164678,16.00,65
669,2017-09-02,375578,6.50,2
670,2017-09-02,484878,51.50,166
671,2017-09-02,570178,2.79,167
672,2017-09-02,370978,53.00,79
673,2017-09-05,122778,63.13,49
674,2017-09-06,131778,35.00,24
675,2017-09-07,462478,15.22,61
676,2017-09-07,320178,49.00,150
677,2017-09-07,661719,250.00,63
678,2017-09-09,341078,103.68,146
679,2017-09-09,,0.02,6
680,2017-09-09,142078,37.44,14
681,2017-09-09,184378,60.00,149
682,2017-09-09,552778,49.00,168
683,2017-09-10,372178,13.00,150
684,2017-09-11,070878,60.00,10
685,2017-09-11,680842,600.00,77
686,2017-09-12,080078,24.90,169
687,2017-09-13,145878,12.50,3
688,2017-09-14,215478,15.00,3
689,2017-09-14,205378,26.50,3
690,2017-09-14,135378,4.00,3
691,2017-09-14,,0.01,6
692,2017-09-15,600505,150.00,4
693,2017-09-15,425078,8.50,3
694,2017-09-15,232378,36.80,162
695,2017-09-15,,0.03,6
696,2018-09-16,324778,60.00,10
697,2017-09-16,152478,90.00,44
698,2017-09-16,513078,52.15,14
699,2017-09-18,130778,17.00,3
700,2017-09-18,,0.04,6
701,2017-09-19,134478,22.50,3
702,2017-09-19,324778,8.00,3
703,2017-09-19,,0.01,6
704,2018-09-20,150778,21.00,3
705,2018-09-20,503878,4.00,3
706,2018-09-20,,814.50,29
707,2018-09-20,025278,23.90,150
708,2018-09-20,,0.16,6
709,2017-09-21,185178,19.50,3
710,2017-09-21,465778,4.00,3
711,2017-09-21,,0.01,6
712,2017-09-22,561378,12.00,3
713,2017-09-22,015578,67.50,10
714,2017-09-23,014978,80.61,170
715,2017-09-23,,0.03,6
716,2017-09-23,515378,81.80,60
718,2017-09-24,,44.10,46
719,2017-09-23,600276,100.00,4
720,2017-09-24,252678,35.00,24
721,2017-09-24,,44.10,46
722,2017-09-25,145078,15.50,3
723,2017-09-25,,2674.19,82
724,2017-09-25,,78.30,83
725,2017-09-25,,39.90,12
726,2017-09-25,,39.90,12
727,2017-09-25,,32.46,9
728,2017-09-25,,43.98,38
729,2017-09-25,200609,233.51,48
730,2017-09-25,201035,138.64,48
731,2017-09-26,213978,20.50,3
732,2017-09-25,,4.70,1
733,2017-09-27,281678,17.00,3
734,2017-09-27,,289.92,82
735,2017-09-27,500378,11.50,3
736,2017-09-27,064978,26.40,169
737,2017-09-28,561278,8.00,3
738,2017-09-28,262078,19.50,3
739,2017-09-28,301678,21.00,147
740,2017-09-29,461778,12.00,3
741,2017-09-29,470478,60.00,13
742,2017-09-29,373178,46.50,146
743,2017-02-25,130874,30.00,171
744,2017-02-25,520374,114.25,105
745,2017-02-25,175474,30.50,69
746,2017-02-25,442674,10.90,44
747,2017-02-25,153274,110.00,10
748,2017-02-25,484974,33.00,24
749,2017-02-25,521874,4.00,150
750,2017-02-26,412874,15.70,172
751,2017-02-26,210774,22.00,173
752,2017-02-26,262974,51.98,174
753,2017-02-26,230174,28.00,175
754,2017-02-27,312274,34.35,176
755,2017-02-28,585174,15.00,177
756,2017-02-28,561274,71.50,178
757,2017-02-28,005774,16.00,179
758,2017-02-28,600156,300.00,4
759,2017-02-28,,4.60,1
760,2017-03-01,141374,89.88,180
761,2017-03-01,274074,16.70,172
762,2017-03-01,133974,21.50,57
763,2017-03-01,090774,22.82,181
764,2017-03-01,,0.14,182
765,2017-03-01,,2.46,93
766,2017-03-01,,0.05,6
767,2017-03-02,110074,12.80,3
768,2017-03-03,,242.22,183
769,2017-03-03,310474,6.50,3
770,2017-03-03,290174,19.90,184
771,2017-03-04,111674,60.00,13
772,2017-03-04,330974,27.80,185
773,2017-03-04,392274,34.17,34
774,2017-03-04,101174,6.75,186
775,2017-03-06,101274,8.80,3
776,2017-03-08,202534,302.50,38
777,2017-03-13,255399,1000.00,160
778,2017-03-12,081374,5.00,86
779,2017-03-12,611455,709.00,29
780,2017-03-16,344074,50.00,13
781,2017-03-16,796948,600.00,77
782,2017-03-17,090674,15.00,3
783,2017-03-17,600505,30.00,4
784,2017-03-17,180174,33.00,187
785,2017-03-17,,0.01,6
786,2017-03-20,344074,50.00,13
787,2017-03-20,,41.15,188
788,2017-03-22,135774,12.30,3
789,2017-03-22,270474,3.80,3
790,2017-03-22,540674,37.27,11
791,2017-03-23,310574,16.00,103
792,2017-03-24,031374,7.75,3
793,2017-03-24,321274,49.00,108
794,2017-03-24,005774,35.16,11
795,2017-03-27,,41.70,46
796,2017-03-27,,4.60,1
797,2017-03-27,193174,20.75,3
798,2017-03-27,,2426.78,82
799,2017-03-27,000009,42.15,9
800,2017-03-27,000058,39.90,12
801,2017-03-27,000016,78.30,83
802,2017-03-27,202500,380.23,132
803,2017-03-27,202912,250.00,38
804,2017-03-27,000057,40.96,12
805,2017-03-27,213108,152.45,38
806,2017-03-28,124474,8.25,3
807,2017-03-28,043774,6.00,3
808,2017-03-29,142974,18.25,3
809,2017-03-29,253874,8.90,189
810,2017-02-01,,242.22,183
811,2017-02-01,350674,60.00,13
812,2017-02-01,,0.02,182
813,2017-02-01,,0.56,93
814,2017-02-03,,0.02,6
816,2017-02-03,312274,34.00,187
817,2017-02-04,141474,50.63,14
818,2017-02-04,,0.01,6
819,2017-02-07,000005,15.00,190
820,2017-02-07,,250.00,63
821,2017-02-07,,0.08,6
822,2017-02-08,541774,43.43,11
823,2017-02-08,,0.01,6
824,2017-02-10,105774,16.00,3
825,2017-02-11,110374,14.00,84
826,2017-02-11,152174,18.80,21
827,2017-02-11,421074,13.50,84
828,2017-02-11,253674,8.00,86
829,2017-02-11,502374,50.60,135
830,2017-02-11,600505,50.00,4
831,2017-02-12,090474,8.50,151
832,2017-02-12,191041,709.00,29
833,2017-02-12,,0.31,6
834,2017-02-16,562674,12.05,3
835,2017-02-16,743983,600.00,77
836,2017-02-16,510174,90.82,49
837,2017-02-17,450374,12.05,3
838,2017-02-17,000036,15.00,190
839,2017-02-17,470474,25.90,191
840,2017-02-18,465874,46.48,192
841,2017-02-18,520474,5.00,86
842,2017-02-18,140374,16.32,41
843,2017-02-18,600505,50.00,4
844,2017-02-18,045274,50.00,149
845,2017-02-18,364674,44.90,140
846,2017-02-19,174574,13.00,186
847,2017-02-20,105174,17.35,3
848,2017-02-20,,0.01,6
849,2017-02-21,113274,11.55,3
850,2017-02-21,170443,900.00,160
851,2017-02-21,1555874,69.02,139
852,2017-02-21,365574,49.95,11
853,2017-02-22,180474,15.55,3
854,2017-02-23,212374,12.50,3
855,2017-02-23,061174,80.00,193
856,2017-02-23,295874,51.00,194
857,2017-02-24,,41.70,46
858,2017-02-24,,2524.40,82
859,2017-02-24,,27.49,9
860,2017-02-24,000048,39.90,12
861,2017-02-24,000033,77.19,83
862,2017-02-24,201441,373.85,48
863,2017-02-24,201848,373.00,38
865,2017-02-24,,859.19,143
866,2017-02-24,000027,38.03,12
867,2017-02-24,000020,35.90,12
868,2017-02-24,563674,36.50,195
869,2017-06-01,,0.03,182
870,2017-06-01,,1.80,93
871,2017-06-02,431774,49.69,11
872,2017-06-03,513574,7.50,196
873,2017-06-03,011574,18.90,23
874,2017-06-03,102074,9.90,166
875,2017-06-03,474774,56.52,24
876,2017-06-03,590074,7.50,18
877,2017-06-03,103074,7.50,21
878,2017-06-08,501374,21.62,197
879,2017-06-10,260874,3.00,108
880,2017-06-12,225274,18.00,3
881,2017-06-13,274374,15.00,3
882,2017-06-13,522723,1000.00,160
883,2017-06-13,673344,744.00,29
884,2017-06-14,666063,600.00,77
885,2017-06-14,572074,13.00,3
886,2017-06-14,173074,17.04,11
887,2017-06-14,235474,50.00,13
888,2017-06-14,000074,18.00,24
889,2017-06-16,040174,19.00,57
890,2017-06-16,405174,73.49,14
891,2017-06-19,395374,35.92,14
892,2017-06-17,,50.57,188
893,2017-06-22,282374,14.50,3
894,2017-06-22,503674,14.95,37
895,2017-06-23,917928,1220.00,198
896,2017-06-23,474574,11.00,3
897,2017-06-23,201374,18.00,187
898,2017-06-24,181774,60.00,10
899,2017-06-24,,44.10,46
900,2017-06-24,,2674.19,82
901,2017-06-26,534674,8.00,3
902,2017-06-26,000029,29.12,9
903,2017-06-26,000026,78.30,83
904,2017-06-26,000012,39.90,12
905,2017-06-26,000049,39.90,12
906,2017-06-26,,43.40,38
907,2017-06-26,194425,616.57,48
908,2017-06-26,,250.00,38
909,2017-06-23,,4.60,1
910,2017-06-27,234574,20.00,3
911,2017-06-27,165474,8.00,3
912,2017-06-27,573074,28.92,11
913,2017-06-28,224674,18.50,3
914,2017-06-29,224174,16.50,3
915,2017-06-29,593174,8.00,3
916,2017-06-30,331574,16.50,3
917,2017-06-30,083374,41.40,139
918,2017-06-30,111874,7.90,189
919,2017-05-02,242174,90.22,10
920,2017-04-29,392774,18.47,14
921,2017-04-29,800276,100.00,4
922,2017-04-29,113674,10.50,10
923,2017-04-29,370674,14.50,69
924,2017-04-30,101474,20.51,125
925,2017-05-02,280574,4.50,3
926,2017-05-02,462074,27.90,25
927,2017-05-02,462074,0.18,182
928,2017-05-02,,1.90,93
929,2017-05-02,,0.02,6
930,2017-05-06,272574,48.71,14
931,2017-05-06,600276,50.00,4
932,2017-05-07,085574,94.30,199
933,2017-05-07,372374,8.00,187
934,2017-05-07,,0.05,6
935,2017-05-10,465571,600.00,77
936,2017-05-10,020174,74.90,11
937,2017-05-15,600276,100.00,4
938,2017-05-13,345574,23.90,200
939,2017-05-13,501474,48.70,201
940,2017-05-13,552774,21.00,202
941,2017-05-13,371574,18.07,14
942,2017-05-14,212874,18.00,24
943,2017-05-14,,0.13,6
944,2017-05-16,263274,21.00,3
945,2017-05-16,192874,814.50,29
946,2017-05-16,,0.53,6
947,2017-05-17,213774,19.50,3
948,2017-05-17,464774,8.00,3
949,2017-05-17,,0.02,6
950,2017-05-18,595774,12.50,3
951,2017-05-18,,0.01,6
952,2017-05-19,143674,7.50,3
953,2017-05-19,243874,8.00,3
954,2017-05-19,394674,31.71,11
955,2017-05-19,,0.04,6
956,2017-05-20,231274,50.00,10
957,2017-05-22,522274,5.30,203
958,2017-05-22,041774,75.41,49
959,2017-05-22,,0.14,6
960,2017-05-23,381108,320.00,204
961,2017-05-23,204774,21.50,3
962,2017-05-23,015974,7.50,3
963,2017-05-23,,0.41,6
964,2017-05-24,122674,11.50,3
965,2017-05-24,171274,17.00,199
966,2017-05-24,,0.04,6
967,2017-05-25,,41.70,46
968,2017-05-25,,4.60,1
969,2017-05-25,,2505.44,82
970,2017-05-25,194274,17.00,3
971,2017-05-25,000059,78.30,83
972,2017-05-25,000036,30.88,9
973,2017-05-25,201445,191.60,38
974,2017-05-25,000036,39.90,12
975,2017-05-25,205700,250.00,38
976,2017-05-26,341174,8.50,3
977,2017-05-26,122974,4.00,3
978,2017-05-26,422574,60.00,10
979,2017-05-26,335374,15.50,187
980,2017-05-26,550774,9.00,69
981,2017-05-29,60276,300.00,4
982,2017-05-27,515874,33.00,125
983,2017-05-27,060574,43.00,79
984,2017-05-28,192874,15.67,14
985,2017-05-28,172274,7.50,69
986,2017-05-28,502074,14.50,69
987,2017-05-29,185574,22.50,3
988,2017-05-29,,0.24,6
989,2017-05-30,044474,13.50,3
990,2017-05-30,462174,8.50,3
991,2017-05-30,,0.01,6
992,2017-05-31,160574,16.00,103
993,2017-05-31,381674,8.50,3
994,2017-05-31,381974,8.50,38
995,2017-05-31,,0.14,6
996,2018-09-29,541378,66.56,14
997,2018-09-29,022878,57.93,205
998,2018-10-01,085678,23.69,11
999,2018-10-01,,0.07,182
1000,2018-10-01,,3.54,93
1001,2018-10-04,350878,15.18,11
1002,2018-10-05,471278,50.00,13
1003,2018-10-05,,260.00,38
1004,2018-10-05,,0.02,6
1005,2018-10-05,600505,50.00,4
1006,2018-10-08,165478,66.50,206
1007,2018-10-07,164078,21.50,24
1008,2018-10-08,,0.01,6
1009,2018-10-10,283678,48.00,11
1010,2018-10-11,283678,40.00,13
1011,2018-10-11,101178,38.00,97
1012,2018-10-11,,0.01,6
1013,2018-10-15,173191,282.02,31
1014,2018-10-12,143978,38.30,89
1015,2018-10-14,081478,66.55,207
1016,2018-10-15,080578,50.00,98
1017,2018-10-15,,817.85,29
1018,2018-10-15,,0.01,6
1019,2018-10-17,214778,57.59,49
1020,2018-10-17,036728,600.00,77
1021,2018-10-17,140578,60.00,208
1022,2018-10-20,115978,24.78,14
1023,2018-10-20,111378,48.00,90
1024,2018-10-21,070078,18.00,97
1025,2018-10-23,182878,16.00,3
1026,2018-10-24,235878,21.00,3
1027,2018-10-24,040278,4.30,37
1028,2018-10-25,,45.90,8
1029,2018-10-25,,45.90,209
1030,2018-10-25,,4.80,1
1031,2018-10-25,,2726.52,82
1032,2018-10-25,160378,13.00,210
1033,2018-10-25,,9.30,3
1034,2018-10-25,,40.62,9
1035,2018-10-25,,44.99,12
1036,2018-10-25,,119.99,83
1037,2018-10-25,,5.50,38
1038,2018-10-25,,304.87,63
1039,2018-10-25,,59.99,12
1040,2018-10-25,010978,25.50,211
1041,2018-10-26,040478,10.48,11
1042,2018-10-26,143478,55.00,212
1043,2018-10-27,470078,31.40,69
1044,2018-10-27,072178,9.90,69
1045,2018-10-27,061378,50.00,98
1046,2018-10-27,020378,47.00,213
1047,2018-10-28,050778,12.50,214
1048,2018-10-30,323178,13.00,210
1049,2018-10-31,243678,23.00,3
1050,2018-10-31,054178,6.15,3
1051,2018-11-08,,0.01,6
1052,2018-11-08,,260.00,215
1053,2018-11-12,414678,16.00,216
1054,2018-11-10,473378,10.00,216
1055,2018-11-10,504678,60.00,10
1056,2018-11-11,473078,35.00,97
1057,2018-11-11,,0.01,6
1058,2018-11-13,,743.50,29
1059,2018-11-13,314478,17.00,217
1060,2018-11-13,,0.07,6
1061,2018-11-14,183978,9.30,3
1062,2018-11-14,15578,15.00,218
1063,2018-11-15,141678,15.00,218
1064,2018-11-15,053278,21.90,192
1065,2018-11-15,053178,33.00,65
1066,2018-11-15,161278,20.00,65
1067,2018-11-15,503978,9.00,2
1068,2018-11-15,503978,30.90,219
1069,2018-11-16,365178,126.17,220
1070,2018-11-16,113778,20.00,10
1071,2018-11-16,123178,40.00,10
1072,2018-11-17,493378,8.17,14
1073,2018-11-19,344478,15.90,42
1074,2018-11-19,975425,600.00,77
1075,2018-11-20,042978,15.00,218
1076,2018-11-20,092178,7.00,3
1077,2018-11-21,230578,23.90,3
1078,2018-11-21,590178,40.00,221
1079,2018-11-22,591078,13.00,210
1080,2018-11-23,193178,133.10,222
1081,2018-11-23,221478,9.50,3
1082,2018-11-23,244878,30.00,13
1083,2018-11-24,054578,30.00,97
1084,2018-11-24,202178,11.90,223
1085,2018-11-24,564678,43.66,14
1086,2018-11-25,113678,50.00,98
1087,2018-11-25,,45.90,46
1088,2018-11-26,441678,13.00,210
1089,2018-11-26,,2726.52,82
1090,2018-11-26,,44.18,9
1091,2018-11-26,,119.99,83
1092,2018-11-26,,44.99,12
1093,2018-11-26,,5.50,224
1094,2018-11-26,,314.07,29
1095,2018-11-26,,59.99,12
1096,2018-11-27,,4.80,1
1097,2018-11-27,563078,13.00,3
1098,2018-11-27,013578,96.83,49
1099,2018-11-28,265778,14.00,3
1100,2018-11-28,553978,7.80,3
1101,2018-11-29,261378,18.00,3
1102,2018-11-29,501878,4.50,3
1103,2018-11-30,392378,5.00,3
1104,2018-11-30,125078,60.00,13
1105,2018-11-30,062178,32.00,225
1106,2018-11-01,334678,15.00,218
1107,2018-11-01,,0.22,182
1108,2018-11-01,,3.08,182
1109,2018-11-02,032878,5.90,226
1110,2018-11-02,494578,15.10,227
1111,2018-11-02,593778,7.50,2
1112,2018-11-02,200378,3.50,228
1113,2018-11-02,574878,169.90,33
1114,2018-11-02,224078,21.34,11
1115,2018-11-02,073878,42.50,229
1116,2018-11-02,600505,60.00,4
1117,2018-11-03,242478,5.00,100
1118,2018-11-03,511378,50.00,230
1119,2018-11-04,515278,15.00,97
1120,2018-11-04,,0.01,6
1121,2018-11-06,201278,29.63,11
1122,2018-12-01,432178,19.00,202
1123,2018-12-01,413278,69.99,231
1124,2018-12-01,343578,12.65,14
1125,2018-12-01,440578,28.47,125
1126,2018-12-01,501778,12.00,223
1127,2018-12-03,113778,13.00,210
1128,2018-12-03,,0.17,182
1129,2018-12-03,,1.77,182
1130,2018-12-03,,9.19,188
1131,2018-12-04,055678,13.00,218
1132,2018-12-04,131778,30.00,115
1133,2018-12-05,210078,56.66,11
1134,2018-12-05,333278,13.99,232
1135,2018-12-06,381278,25.00,233
1136,2018-12-07,,260.00,215
1137,2018-12-07,092878,8.00,234
1138,2018-12-07,573278,26.00,225
1139,2018-12-10,,0.01,6
1140,2018-12-10,315378,37.65,14
1141,2018-12-08,295978,34.50,22
1142,2018-12-09,271378,27.00,235
1143,2018-12-09,935489,600.00,77
1144,2018-12-11,075378,140.00,236
1145,2018-12-12,415678,30.00,237
1146,2018-12-12,,743.50,29
1147,2018-12-12,,0.06,6
1148,2018-12-14,252078,9.50,98
1149,2018-12-17,131078,15.52,14
1150,2018-12-15,472478,30.00,238
1151,2018-12-16,422078,50.00,98
1152,2018-12-16,462278,51.00,90
1153,2018-12-16,,0.02,6
1154,2018-12-18,531578,13.00,218
1155,2018-12-19,212778,19.00,3
1156,2018-12-19,043478,425.00,239
1157,2018-12-19,041678,6.50,3
1158,2018-12-19,,0.03,6
1159,2018-12-20,,1169.74,82
1160,2018-12-20,150278,23.90,3
1161,2018-12-21,513278,9.80,3
1162,2018-12-21,333478,50.00,13
1163,2018-12-21,315378,34.00,225
1164,2018-12-24,324278,18.75,28
1165,2018-12-22,453378,149.90,240
1166,2018-12-22,461078,48.89,105
1167,2018-12-24,502878,80.77,14
1168,2018-12-25,144078,50.00,98
1169,2018-12-25,504578,28.00,225
1170,2018-12-25,,45.90,8
1171,2018-12-25,,2726.52,82
1172,2018-12-26,452478,13.00,210
1173,2018-12-26,,41.97,9
1174,2018-12-26,,591.71,29
1175,2018-12-26,,119.99,83
1176,2018-12-26,,59.99,12
1177,2018-12-26,,44.90,12
1178,2018-12-26,,4.80,1
1179,2018-12-27,175178,125.00,241
1180,2018-12-27,284578,15.90,42
1181,2018-12-27,032178,15.00,218
1182,2018-12-28,190018,875.00,242
1183,2018-12-28,470378,15.00,218
1184,2018-12-28,,0.01,6
1185,2018-12-28,012378,50.00,108
1186,2018-12-29,395178,50.02,220
1187,2018-12-29,093678,36.30,89
1188,2018-12-29,132978,10.90,243
1189,2018-12-29,40578,34.00,225
1190,2012-12-30,570778,25.38,14
1191,2012-12-31,170578,7.50,244
1192,2012-12-31,112178,8.00,110
1193,2018-12-31,512078,62.54,14
